-- Neon bootstrap for the Revenue Manager Agent.
-- Paste into the Neon SQL Editor and Run. Idempotent: re-running truncates + reloads.
-- 1) schema  2) data (truncate-and-reload)  3) views.

-- ============================== 1. SCHEMA ==============================
create table if not exists public.room_type_lookup (
  space_type text primary key,
  room_class text not null,
  display_name text not null,
  number_of_rooms integer not null check (number_of_rooms >= 0)
);

create table if not exists public.rate_plan_lookup (
  rate_plan_code text primary key,
  plan_family text not null,
  is_commissionable boolean not null default false
);

create table if not exists public.market_code_lookup (
  market_code text primary key,
  market_name text not null,
  macro_group text not null,
  description text
);

create table if not exists public.market_macro_group_history (
  market_code text not null references public.market_code_lookup(market_code),
  valid_from date not null,
  valid_to date,
  macro_group text not null,
  primary key (market_code, valid_from),
  check (valid_to is null or valid_to > valid_from)
);

create table if not exists public.channel_code_lookup (
  channel_code text primary key,
  channel_name text not null,
  channel_group text not null
);

create table if not exists public.load_manifest (
  load_id bigint generated always as identity primary key,
  dataset_revision text not null,
  scraped_at timestamptz not null,
  source_url text not null,
  row_hash text not null,
  created_at timestamptz not null default now()
);

create table if not exists public.reservations_hackathon (
  reservation_stay_id bigint generated always as identity primary key,
  reservation_id text not null,
  arrival_date date not null,
  departure_date date not null,
  stay_date date not null,
  property_date date not null,
  reservation_status text not null,
  financial_status text not null default 'Posted'
    check (financial_status in ('Posted', 'Provisional')),
  create_datetime timestamptz not null,
  cancellation_datetime timestamptz,
  guest_country text,
  is_block boolean not null default false,
  is_walk_in boolean not null default false,
  number_of_spaces integer not null check (number_of_spaces > 0),
  space_type text not null references public.room_type_lookup(space_type),
  market_code text not null references public.market_code_lookup(market_code),
  channel_code text not null references public.channel_code_lookup(channel_code),
  source_name text not null,
  rate_plan_code text not null references public.rate_plan_lookup(rate_plan_code),
  daily_room_revenue_before_tax numeric(10,2) not null default 0,
  daily_total_revenue_before_tax numeric(10,2) not null default 0,
  nights integer not null check (nights > 0),
  adr_room numeric(10,2) not null check (adr_room >= 0),
  lead_time integer not null check (lead_time >= 0),
  company_name text,
  travel_agent_name text,
  unique (reservation_id, stay_date)
);

create index if not exists idx_res_hackathon_stay_date
  on public.reservations_hackathon(stay_date);
create index if not exists idx_res_hackathon_property_date
  on public.reservations_hackathon(property_date);
create index if not exists idx_res_hackathon_create_datetime
  on public.reservations_hackathon(create_datetime);
create index if not exists idx_res_hackathon_market_code
  on public.reservations_hackathon(market_code);
create index if not exists idx_res_hackathon_channel_code
  on public.reservations_hackathon(channel_code);
create index if not exists idx_res_hackathon_reservation_status
  on public.reservations_hackathon(reservation_status);
create index if not exists idx_res_hackathon_financial_status
  on public.reservations_hackathon(financial_status);
create index if not exists idx_market_macro_history_dates
  on public.market_macro_group_history(market_code, valid_from, valid_to);

-- ============================== 2. DATA ===============================
-- Option D (see etl/load.py): the live data uses more granular selling codes
-- than the 8-row rate_plan_lookup, so this one FK is intentionally relaxed.
alter table public.reservations_hackathon
  drop constraint if exists reservations_hackathon_rate_plan_code_fkey;

truncate table public.reservations_hackathon, public.market_macro_group_history,
  public.load_manifest, public.room_type_lookup, public.rate_plan_lookup,
  public.market_code_lookup, public.channel_code_lookup restart identity cascade;

-- room_type_lookup: 3 rows
insert into public.room_type_lookup (space_type, room_class, display_name, number_of_rooms) values
('KS','Standard','Standard King','52'),
('TB','Standard','Standard Twin','20'),
('EX','Executive','Executive King','26');

-- rate_plan_lookup: 8 rows
insert into public.rate_plan_lookup (rate_plan_code, plan_family, is_commissionable) values
('BOOKBAR','Retail','true'),
('GROUPBB','Group','false'),
('DLY1','Retail','false'),
('FITBB','Retail','true'),
('CORP10BB','Corporate','false'),
('PROMO1','Retail','true'),
('ZEPHYR-CORP-25','Corporate','false'),
('WALKIN','Retail','false');

-- market_code_lookup: 10 rows
insert into public.market_code_lookup (market_code, market_name, macro_group, description) values
('OTA','Online Travel Agency','Retail','Third-party online channels such as Booking.com and Expedia.'),
('BAR','Best Available Retail','Retail','Direct flexible retail business.'),
('PROM','Promotional Retail','Retail','Direct promotional and member-rate retail bookings.'),
('FIT','Free Independent Traveller','Leisure','Independent leisure demand, often direct or contracted.'),
('CSR','Corporate Negotiated','Corporate','Negotiated corporate transient business.'),
('CNR','Corporate Room Nights','Corporate','Corporate transient business via agency or negotiated accounts.'),
('CNI','Conference / Incentive Group','MICE','Group business tied to conferences or incentives.'),
('CGR','Corporate Group','MICE','Corporate group blocks and meetings business.'),
('EVEN','Event Demand','MICE','Demand associated with citywide or hotel-linked events.'),
('SMERF','SMERF Group','Leisure Group','Social, military, educational, religious, fraternal groups.');

-- channel_code_lookup: 4 rows
insert into public.channel_code_lookup (channel_code, channel_name, channel_group) values
('WEB','Web / OTA Web','Digital'),
('REC','Direct Reservations / Brand Web','Direct'),
('EMA','Email / Central Reservations','Offline'),
('WAL','Walk-in','Offline');

-- market_macro_group_history: 11 rows
insert into public.market_macro_group_history (market_code, valid_from, valid_to, macro_group) values
('OTA','2020-01-01',NULL,'Retail'),
('BAR','2020-01-01',NULL,'Retail'),
('PROM','2020-01-01','2025-06-01','Retail'),
('PROM','2025-06-01',NULL,'Leisure Group'),
('FIT','2020-01-01',NULL,'Leisure'),
('CSR','2020-01-01',NULL,'Corporate'),
('CNR','2020-01-01',NULL,'Corporate'),
('CNI','2020-01-01',NULL,'MICE'),
('CGR','2020-01-01',NULL,'MICE'),
('EVEN','2020-01-01',NULL,'MICE'),
('SMERF','2020-01-01',NULL,'Leisure Group');

-- load_manifest: 1 rows
insert into public.load_manifest (dataset_revision, scraped_at, source_url, row_hash, created_at) values
('2026.06.12.2','2026-06-17 00:00:00+00','https://otel-hackathon-data-site.vercel.app','e6b0c1e3edcc6240203c6aec3af20240550bf1a5db60057683d2008bb7c85807','2026-06-17 00:14:55.13426+00');

-- reservations_hackathon: 531 rows
insert into public.reservations_hackathon (reservation_id, arrival_date, departure_date, stay_date, property_date, reservation_status, financial_status, create_datetime, cancellation_datetime, guest_country, is_block, is_walk_in, number_of_spaces, space_type, market_code, channel_code, source_name, rate_plan_code, daily_room_revenue_before_tax, daily_total_revenue_before_tax, nights, adr_room, lead_time, company_name, travel_agent_name) values
('R0001','2026-07-11','2026-07-14','2026-07-11','2026-07-11','Reserved','Posted','2026-03-22 14:45:00+00',NULL,'DE','false','false','1','KS','OTA','WEB','Expedia','EXPBARB','176.00','176.00','3','176.00','111',NULL,NULL),
('R0001','2026-07-11','2026-07-14','2026-07-12','2026-07-12','Reserved','Posted','2026-03-22 14:45:00+00',NULL,'DE','false','false','1','KS','OTA','WEB','Expedia','EXPBARB','176.00','176.00','3','176.00','111',NULL,NULL),
('R0001','2026-07-11','2026-07-14','2026-07-13','2026-07-13','Reserved','Posted','2026-03-22 14:45:00+00',NULL,'DE','false','false','1','KS','OTA','WEB','Expedia','EXPBARB','176.00','176.00','3','176.00','111',NULL,NULL),
('R0002','2026-06-22','2026-06-26','2026-06-22','2026-06-22','Reserved','Posted','2026-02-06 23:15:00+00',NULL,'GB','true','false','10','KS','SMERF','EMA','OCC Central Reservations','GROUPBB','1670.00','1850.00','4','167.00','136','TechSummit',NULL),
('R0002','2026-06-22','2026-06-26','2026-06-23','2026-06-23','Reserved','Posted','2026-02-06 23:15:00+00',NULL,'GB','true','false','10','KS','SMERF','EMA','OCC Central Reservations','GROUPBB','1670.00','1850.00','4','167.00','136','TechSummit',NULL),
('R0002','2026-06-22','2026-06-26','2026-06-24','2026-06-24','Reserved','Posted','2026-02-06 23:15:00+00',NULL,'GB','true','false','10','KS','SMERF','EMA','OCC Central Reservations','GROUPBB','1670.00','1850.00','4','167.00','136','TechSummit',NULL),
('R0002','2026-06-22','2026-06-26','2026-06-25','2026-06-25','Reserved','Posted','2026-02-06 23:15:00+00',NULL,'GB','true','false','10','KS','SMERF','EMA','OCC Central Reservations','GROUPBB','1670.00','1850.00','4','167.00','136','TechSummit',NULL),
('R0003','2026-06-23','2026-06-26','2026-06-23','2026-06-23','Cancelled','Posted','2026-05-05 23:44:00+00','2026-05-17 12:00:00+00','DE','false','false','1','KS','OTA','WEB','Booking.com','EXPBARB','159.00','159.00','3','159.00','49',NULL,NULL),
('R0003','2026-06-23','2026-06-26','2026-06-24','2026-06-24','Cancelled','Posted','2026-05-05 23:44:00+00','2026-05-17 12:00:00+00','DE','false','false','1','KS','OTA','WEB','Booking.com','EXPBARB','159.00','159.00','3','159.00','49',NULL,NULL),
('R0003','2026-06-23','2026-06-26','2026-06-25','2026-06-25','Cancelled','Posted','2026-05-05 23:44:00+00','2026-05-17 12:00:00+00','DE','false','false','1','KS','OTA','WEB','Booking.com','EXPBARB','159.00','159.00','3','159.00','49',NULL,NULL),
('R0004','2026-08-09','2026-08-12','2026-08-09','2026-08-09','Reserved','Posted','2026-04-08 13:35:00+00',NULL,'ES','false','false','1','KS','OTA','WEB','Booking.com','EXPBARH','173.00','173.00','3','173.00','123',NULL,NULL),
('R0004','2026-08-09','2026-08-12','2026-08-10','2026-08-10','Reserved','Posted','2026-04-08 13:35:00+00',NULL,'ES','false','false','1','KS','OTA','WEB','Booking.com','EXPBARH','173.00','173.00','3','173.00','123',NULL,NULL),
('R0004','2026-08-09','2026-08-12','2026-08-11','2026-08-11','Reserved','Posted','2026-04-08 13:35:00+00',NULL,'ES','false','false','1','KS','OTA','WEB','Booking.com','EXPBARH','173.00','173.00','3','173.00','123',NULL,NULL),
('R0005','2026-07-28','2026-07-29','2026-07-28','2026-07-28','Reserved','Posted','2026-03-23 12:34:00+00',NULL,'IE','false','false','1','TB','CSR','EMA','OCC Central Reservations','BARCBB','204.00','222.00','1','204.00','127','DraftKings','TravelHub'),
('R0006','2026-07-14','2026-07-16','2026-07-14','2026-07-14','Reserved','Posted','2026-04-10 22:56:00+00',NULL,'IE','false','false','1','TB','CSR','EMA','OCC Central Reservations','BARCBB','186.00','204.00','2','186.00','95','Barclays',NULL),
('R0006','2026-07-14','2026-07-16','2026-07-15','2026-07-15','Reserved','Posted','2026-04-10 22:56:00+00',NULL,'IE','false','false','1','TB','CSR','EMA','OCC Central Reservations','BARCBB','186.00','204.00','2','186.00','95','Barclays',NULL),
('R0007','2026-10-11','2026-10-14','2026-10-11','2026-10-11','Reserved','Posted','2026-05-15 22:12:00+00',NULL,'IE','false','false','1','KS','FIT','REC','Members Rate booking','FITBB','223.00','241.00','3','223.00','149',NULL,NULL),
('R0007','2026-10-11','2026-10-14','2026-10-12','2026-10-12','Reserved','Posted','2026-05-15 22:12:00+00',NULL,'IE','false','false','1','KS','FIT','REC','Members Rate booking','FITBB','223.00','241.00','3','223.00','149',NULL,NULL),
('R0007','2026-10-11','2026-10-14','2026-10-13','2026-10-13','Reserved','Posted','2026-05-15 22:12:00+00',NULL,'IE','false','false','1','KS','FIT','REC','Members Rate booking','FITBB','223.00','241.00','3','223.00','149',NULL,NULL),
('R0008','2026-06-22','2026-06-23','2026-06-22','2026-06-22','Reserved','Posted','2026-06-11 12:28:00+00',NULL,'FR','false','false','1','KS','BAR','REC','Brand website','DLYBB','198.00','216.00','1','198.00','11',NULL,NULL),
('R0009','2026-10-05','2026-10-06','2026-10-05','2026-10-05','Reserved','Posted','2026-04-28 09:04:00+00',NULL,'DE','false','false','1','TB','CNR','EMA','OCC Central Reservations','GOORO','176.00','176.00','1','176.00','160','Acme Consulting',NULL),
('R0010','2026-10-01','2026-10-02','2026-10-01','2026-10-01','Reserved','Provisional','2026-04-27 19:45:00+00',NULL,'US','false','false','1','KS','OTA','WEB','Booking.com','EXPBARB','179.00','179.00','1','179.00','157',NULL,NULL),
('R0011','2026-10-13','2026-10-16','2026-10-13','2026-10-13','Reserved','Posted','2026-05-06 15:25:00+00',NULL,'NL','false','false','1','KS','FIT','WEB','Sabre','FITBB','214.00','232.00','3','214.00','160',NULL,NULL),
('R0011','2026-10-13','2026-10-16','2026-10-14','2026-10-14','Reserved','Posted','2026-05-06 15:25:00+00',NULL,'NL','false','false','1','KS','FIT','WEB','Sabre','FITBB','214.00','232.00','3','214.00','160',NULL,NULL),
('R0011','2026-10-13','2026-10-16','2026-10-15','2026-10-15','Reserved','Posted','2026-05-06 15:25:00+00',NULL,'NL','false','false','1','KS','FIT','WEB','Sabre','FITBB','214.00','232.00','3','214.00','160',NULL,NULL),
('R0012','2026-08-23','2026-08-25','2026-08-23','2026-08-23','Cancelled','Posted','2026-06-13 04:29:00+00','2026-06-14 12:00:00+00','DE','false','false','1','KS','FIT','WEB','Members Rate booking','FITBB','220.00','238.00','2','220.00','71',NULL,NULL),
('R0012','2026-08-23','2026-08-25','2026-08-24','2026-08-24','Cancelled','Posted','2026-06-13 04:29:00+00','2026-06-14 12:00:00+00','DE','false','false','1','KS','FIT','WEB','Members Rate booking','FITBB','220.00','238.00','2','220.00','71',NULL,NULL),
('R0013','2026-10-02','2026-10-04','2026-10-02','2026-10-02','Reserved','Posted','2026-04-25 04:38:00+00',NULL,'US','false','false','1','KS','OTA','WEB','Expedia','BOOKBAR','176.00','176.00','2','176.00','160',NULL,NULL),
('R0013','2026-10-02','2026-10-04','2026-10-03','2026-10-03','Reserved','Posted','2026-04-25 04:38:00+00',NULL,'US','false','false','1','KS','OTA','WEB','Expedia','BOOKBAR','176.00','176.00','2','176.00','160',NULL,NULL),
('R0014','2026-08-11','2026-08-14','2026-08-11','2026-08-11','Reserved','Posted','2026-05-17 03:35:00+00',NULL,'GB','true','false','6','KS','EVEN','EMA','OCC Central Reservations','GROUPBB','1074.00','1182.00','3','179.00','86','Community Choir',NULL),
('R0014','2026-08-11','2026-08-14','2026-08-12','2026-08-12','Reserved','Posted','2026-05-17 03:35:00+00',NULL,'GB','true','false','6','KS','EVEN','EMA','OCC Central Reservations','GROUPBB','1074.00','1182.00','3','179.00','86','Community Choir',NULL),
('R0014','2026-08-11','2026-08-14','2026-08-13','2026-08-13','Reserved','Posted','2026-05-17 03:35:00+00',NULL,'GB','true','false','6','KS','EVEN','EMA','OCC Central Reservations','GROUPBB','1074.00','1182.00','3','179.00','86','Community Choir',NULL),
('R0015','2026-09-25','2026-09-29','2026-09-25','2026-09-25','Reserved','Posted','2026-06-13 17:54:00+00',NULL,'IE','true','false','11','EX','CGR','EMA','OCC Central Reservations','GROUPBB','2596.00','2794.00','4','236.00','104','Legal Partners LLP',NULL),
('R0015','2026-09-25','2026-09-29','2026-09-26','2026-09-26','Reserved','Posted','2026-06-13 17:54:00+00',NULL,'IE','true','false','11','EX','CGR','EMA','OCC Central Reservations','GROUPBB','2596.00','2794.00','4','236.00','104','Legal Partners LLP',NULL),
('R0015','2026-09-25','2026-09-29','2026-09-27','2026-09-27','Reserved','Posted','2026-06-13 17:54:00+00',NULL,'IE','true','false','11','EX','CGR','EMA','OCC Central Reservations','GROUPBB','2596.00','2794.00','4','236.00','104','Legal Partners LLP',NULL),
('R0015','2026-09-25','2026-09-29','2026-09-28','2026-09-28','Reserved','Posted','2026-06-13 17:54:00+00',NULL,'IE','true','false','11','EX','CGR','EMA','OCC Central Reservations','GROUPBB','2596.00','2794.00','4','236.00','104','Legal Partners LLP',NULL),
('R0016','2026-06-27','2026-06-29','2026-06-27','2026-06-27','Reserved','Posted','2026-02-12 20:26:00+00',NULL,'GB','false','false','1','EX','FIT','REC','Members Rate booking','FITBB','257.00','275.00','2','257.00','135',NULL,NULL),
('R0016','2026-06-27','2026-06-29','2026-06-28','2026-06-28','Reserved','Posted','2026-02-12 20:26:00+00',NULL,'GB','false','false','1','EX','FIT','REC','Members Rate booking','FITBB','257.00','275.00','2','257.00','135',NULL,NULL),
('R0017','2026-07-27','2026-07-29','2026-07-27','2026-07-27','Reserved','Posted','2026-03-08 21:26:00+00',NULL,'CA','false','false','1','KS','CNR','REC','Brand website','GOORO','225.00','225.00','2','225.00','141','Acme Consulting','TravelHub'),
('R0017','2026-07-27','2026-07-29','2026-07-28','2026-07-28','Reserved','Posted','2026-03-08 21:26:00+00',NULL,'CA','false','false','1','KS','CNR','REC','Brand website','GOORO','225.00','225.00','2','225.00','141','Acme Consulting','TravelHub'),
('R0018','2026-10-12','2026-10-14','2026-10-12','2026-10-12','Cancelled','Posted','2026-05-05 08:03:00+00','2026-05-25 12:00:00+00','GB','false','false','1','TB','CSR','EMA','OCC Central Reservations','CORP10BB','198.00','216.00','2','198.00','160','DraftKings','TravelHub'),
('R0018','2026-10-12','2026-10-14','2026-10-13','2026-10-13','Cancelled','Posted','2026-05-05 08:03:00+00','2026-05-25 12:00:00+00','GB','false','false','1','TB','CSR','EMA','OCC Central Reservations','CORP10BB','198.00','216.00','2','198.00','160','DraftKings','TravelHub'),
('R0019','2026-08-21','2026-08-23','2026-08-21','2026-08-21','Reserved','Posted','2026-03-21 13:06:00+00',NULL,'ES','false','false','1','EX','FIT','REC','Members Rate booking','FITBB','271.00','289.00','2','271.00','153',NULL,NULL),
('R0019','2026-08-21','2026-08-23','2026-08-22','2026-08-22','Reserved','Posted','2026-03-21 13:06:00+00',NULL,'ES','false','false','1','EX','FIT','REC','Members Rate booking','FITBB','271.00','289.00','2','271.00','153',NULL,NULL),
('R0020','2026-07-05','2026-07-08','2026-07-05','2026-07-05','Reserved','Posted','2026-03-19 02:41:00+00',NULL,'FR','false','false','1','TB','BAR','WEB','Sabre','DLY1','179.00','179.00','3','179.00','108',NULL,NULL),
('R0020','2026-07-05','2026-07-08','2026-07-06','2026-07-06','Reserved','Posted','2026-03-19 02:41:00+00',NULL,'FR','false','false','1','TB','BAR','WEB','Sabre','DLY1','179.00','179.00','3','179.00','108',NULL,NULL),
('R0020','2026-07-05','2026-07-08','2026-07-07','2026-07-07','Reserved','Posted','2026-03-19 02:41:00+00',NULL,'FR','false','false','1','TB','BAR','WEB','Sabre','DLY1','179.00','179.00','3','179.00','108',NULL,NULL),
('R0021','2026-09-22','2026-09-24','2026-09-22','2026-09-22','Cancelled','Posted','2026-05-10 22:45:00+00','2026-06-13 12:00:00+00','CA','false','false','1','KS','PROM','REC','Brand website','OCHPERKRO','178.00','178.00','2','178.00','135',NULL,NULL),
('R0021','2026-09-22','2026-09-24','2026-09-23','2026-09-23','Cancelled','Posted','2026-05-10 22:45:00+00','2026-06-13 12:00:00+00','CA','false','false','1','KS','PROM','REC','Brand website','OCHPERKRO','178.00','178.00','2','178.00','135',NULL,NULL),
('R0022','2026-10-07','2026-10-08','2026-10-07','2026-10-07','Reserved','Posted','2026-06-11 10:22:00+00',NULL,'NL','false','false','1','TB','OTA','WEB','Expedia','BOOKPROM','163.00','163.00','1','163.00','118',NULL,NULL),
('R0023','2026-08-24','2026-08-25','2026-08-24','2026-08-24','Reserved','Posted','2026-04-21 07:23:00+00',NULL,'GB','false','false','1','KS','OTA','WEB','Expedia','EXPBARH','185.00','185.00','1','185.00','125',NULL,NULL),
('R0024','2026-08-21','2026-08-24','2026-08-21','2026-08-21','Reserved','Posted','2026-03-25 16:20:00+00',NULL,'NL','false','false','1','TB','OTA','WEB','Expedia','BOOKPROM','154.00','154.00','3','154.00','149',NULL,NULL),
('R0024','2026-08-21','2026-08-24','2026-08-22','2026-08-22','Reserved','Posted','2026-03-25 16:20:00+00',NULL,'NL','false','false','1','TB','OTA','WEB','Expedia','BOOKPROM','154.00','154.00','3','154.00','149',NULL,NULL),
('R0024','2026-08-21','2026-08-24','2026-08-23','2026-08-23','Reserved','Posted','2026-03-25 16:20:00+00',NULL,'NL','false','false','1','TB','OTA','WEB','Expedia','BOOKPROM','154.00','154.00','3','154.00','149',NULL,NULL),
('R0025','2026-10-11','2026-10-12','2026-10-11','2026-10-11','Reserved','Posted','2026-05-04 23:12:00+00',NULL,'GB','false','false','1','KS','OTA','WEB','Booking.com','BOOKBAR','179.00','179.00','1','179.00','160',NULL,NULL),
('R0026','2026-09-24','2026-09-27','2026-09-24','2026-09-24','Reserved','Posted','2026-04-17 17:14:00+00',NULL,'CA','false','false','1','KS','CSR','REC','Brand website','BARCBB','199.00','217.00','3','199.00','160','Vertex Systems','TravelHub'),
('R0026','2026-09-24','2026-09-27','2026-09-25','2026-09-25','Reserved','Posted','2026-04-17 17:14:00+00',NULL,'CA','false','false','1','KS','CSR','REC','Brand website','BARCBB','199.00','217.00','3','199.00','160','Vertex Systems','TravelHub'),
('R0026','2026-09-24','2026-09-27','2026-09-26','2026-09-26','Reserved','Posted','2026-04-17 17:14:00+00',NULL,'CA','false','false','1','KS','CSR','REC','Brand website','BARCBB','199.00','217.00','3','199.00','160','Vertex Systems','TravelHub'),
('R0027','2026-06-06','2026-06-09','2026-06-06','2026-06-06','Reserved','Posted','2026-03-14 00:47:00+00',NULL,'ES','true','false','11','TB','SMERF','EMA','OCC Central Reservations','GROUPBB','1782.00','1980.00','3','162.00','84','Community Choir',NULL),
('R0027','2026-06-06','2026-06-09','2026-06-07','2026-06-07','Reserved','Posted','2026-03-14 00:47:00+00',NULL,'ES','true','false','11','TB','SMERF','EMA','OCC Central Reservations','GROUPBB','1782.00','1980.00','3','162.00','84','Community Choir',NULL),
('R0027','2026-06-06','2026-06-09','2026-06-08','2026-06-08','Reserved','Posted','2026-03-14 00:47:00+00',NULL,'ES','true','false','11','TB','SMERF','EMA','OCC Central Reservations','GROUPBB','1782.00','1980.00','3','162.00','84','Community Choir',NULL),
('R0028','2026-08-18','2026-08-19','2026-08-18','2026-08-18','Reserved','Posted','2026-04-23 04:35:00+00',NULL,'DE','false','false','1','TB','OTA','WEB','Booking.com','EXPBARH','154.00','154.00','1','154.00','117',NULL,NULL),
('R0029','2026-07-18','2026-07-19','2026-07-18','2026-07-18','Reserved','Posted','2026-04-22 10:56:00+00',NULL,'CA','false','false','1','KS','BAR','REC','Members Rate booking','DLYBB','206.00','224.00','1','206.00','87',NULL,NULL),
('R0030','2026-07-06','2026-07-09','2026-07-06','2026-07-06','Reserved','Provisional','2026-02-19 18:14:00+00',NULL,'IE','false','false','2','TB','CNR','EMA','OCC Central Reservations','GOORO','354.00','354.00','3','177.00','137','Acme Consulting',NULL),
('R0030','2026-07-06','2026-07-09','2026-07-07','2026-07-07','Reserved','Posted','2026-02-19 18:14:00+00',NULL,'IE','false','false','2','TB','CNR','EMA','OCC Central Reservations','GOORO','354.00','354.00','3','177.00','137','Acme Consulting',NULL),
('R0030','2026-07-06','2026-07-09','2026-07-08','2026-07-08','Reserved','Posted','2026-02-19 18:14:00+00',NULL,'IE','false','false','2','TB','CNR','EMA','OCC Central Reservations','GOORO','354.00','354.00','3','177.00','137','Acme Consulting',NULL),
('R0031','2026-07-21','2026-07-24','2026-07-21','2026-07-21','Reserved','Posted','2026-03-02 07:36:00+00',NULL,'NL','true','false','5','KS','CGR','EMA','OCC Central Reservations','GROUPBB','985.00','1075.00','3','197.00','141','TechSummit',NULL),
('R0031','2026-07-21','2026-07-24','2026-07-22','2026-07-22','Reserved','Posted','2026-03-02 07:36:00+00',NULL,'NL','true','false','5','KS','CGR','EMA','OCC Central Reservations','GROUPBB','985.00','1075.00','3','197.00','141','TechSummit',NULL),
('R0031','2026-07-21','2026-07-24','2026-07-23','2026-07-23','Reserved','Posted','2026-03-02 07:36:00+00',NULL,'NL','true','false','5','KS','CGR','EMA','OCC Central Reservations','GROUPBB','985.00','1075.00','3','197.00','141','TechSummit',NULL),
('R0032','2026-08-16','2026-08-18','2026-08-16','2026-08-16','Reserved','Provisional','2026-04-04 04:06:00+00',NULL,'FR','false','false','1','KS','OTA','WEB','Expedia','EXPP','179.00','179.00','2','179.00','134',NULL,NULL),
('R0032','2026-08-16','2026-08-18','2026-08-17','2026-08-17','Reserved','Posted','2026-04-04 04:06:00+00',NULL,'FR','false','false','1','KS','OTA','WEB','Expedia','EXPP','179.00','179.00','2','179.00','134',NULL,NULL),
('R0033','2026-10-08','2026-10-09','2026-10-08','2026-10-08','Reserved','Posted','2026-05-01 03:56:00+00',NULL,'CA','false','false','1','KS','FIT','WEB','Members Rate booking','FITBB','214.00','232.00','1','214.00','160',NULL,NULL),
('R0034','2026-09-09','2026-09-10','2026-09-09','2026-09-09','Reserved','Posted','2026-06-12 21:43:00+00',NULL,'US','false','false','1','KS','OTA','WEB','Expedia','EXPP','179.00','179.00','1','179.00','89',NULL,NULL),
('R0035','2026-07-16','2026-07-17','2026-07-16','2026-07-16','Reserved','Posted','2026-06-13 13:55:00+00',NULL,'FR','false','false','1','TB','PROM','REC','Brand website','OCHPERKRO','180.00','180.00','1','180.00','33',NULL,NULL),
('R0036','2026-08-27','2026-08-29','2026-08-27','2026-08-27','Cancelled','Posted','2026-03-20 14:34:00+00','2026-05-31 12:00:00+00','US','false','false','1','TB','OTA','WEB','Expedia','BOOKPROM','163.00','163.00','2','163.00','160',NULL,NULL),
('R0036','2026-08-27','2026-08-29','2026-08-28','2026-08-28','Cancelled','Posted','2026-03-20 14:34:00+00','2026-05-31 12:00:00+00','US','false','false','1','TB','OTA','WEB','Expedia','BOOKPROM','163.00','163.00','2','163.00','160',NULL,NULL),
('R0037','2026-09-04','2026-09-06','2026-09-04','2026-09-04','Reserved','Posted','2026-04-02 22:48:00+00',NULL,'DE','false','false','1','EX','OTA','WEB','Booking.com','BOOKBAR','227.00','227.00','2','227.00','155',NULL,NULL),
('R0037','2026-09-04','2026-09-06','2026-09-05','2026-09-05','Reserved','Posted','2026-04-02 22:48:00+00',NULL,'DE','false','false','1','EX','OTA','WEB','Booking.com','BOOKBAR','227.00','227.00','2','227.00','155',NULL,NULL),
('R0038','2026-08-08','2026-08-11','2026-08-08','2026-08-08','Reserved','Posted','2026-03-16 00:39:00+00',NULL,'NL','false','false','1','KS','BAR','REC','Brand website','DLY1','206.00','206.00','3','206.00','145',NULL,NULL),
('R0038','2026-08-08','2026-08-11','2026-08-09','2026-08-09','Reserved','Posted','2026-03-16 00:39:00+00',NULL,'NL','false','false','1','KS','BAR','REC','Brand website','DLY1','206.00','206.00','3','206.00','145',NULL,NULL),
('R0038','2026-08-08','2026-08-11','2026-08-10','2026-08-10','Reserved','Posted','2026-03-16 00:39:00+00',NULL,'NL','false','false','1','KS','BAR','REC','Brand website','DLY1','206.00','206.00','3','206.00','145',NULL,NULL),
('R0039','2026-06-25','2026-06-28','2026-06-25','2026-06-25','Cancelled','Posted','2026-05-14 08:01:00+00','2026-05-17 12:00:00+00','US','false','false','1','KS','OTA','WEB','Booking.com','BOOKPROM','159.00','159.00','3','159.00','42',NULL,NULL),
('R0039','2026-06-25','2026-06-28','2026-06-26','2026-06-26','Cancelled','Posted','2026-05-14 08:01:00+00','2026-05-17 12:00:00+00','US','false','false','1','KS','OTA','WEB','Booking.com','BOOKPROM','159.00','159.00','3','159.00','42',NULL,NULL),
('R0039','2026-06-25','2026-06-28','2026-06-27','2026-06-27','Cancelled','Posted','2026-05-14 08:01:00+00','2026-05-17 12:00:00+00','US','false','false','1','KS','OTA','WEB','Booking.com','BOOKPROM','159.00','159.00','3','159.00','42',NULL,NULL),
('R0040','2026-10-03','2026-10-05','2026-10-03','2026-10-03','Reserved','Posted','2026-04-26 06:19:00+00',NULL,'US','false','false','1','KS','OTA','WEB','Expedia','EXPBARB','185.00','185.00','2','185.00','160',NULL,NULL),
('R0040','2026-10-03','2026-10-05','2026-10-04','2026-10-04','Reserved','Posted','2026-04-26 06:19:00+00',NULL,'US','false','false','1','KS','OTA','WEB','Expedia','EXPBARB','185.00','185.00','2','185.00','160',NULL,NULL),
('R0041','2026-08-12','2026-08-15','2026-08-12','2026-08-12','Reserved','Posted','2026-05-06 17:37:00+00',NULL,'IE','false','false','1','TB','OTA','WEB','Booking.com','BOOKPROM','166.00','166.00','3','166.00','98',NULL,NULL),
('R0041','2026-08-12','2026-08-15','2026-08-13','2026-08-13','Reserved','Posted','2026-05-06 17:37:00+00',NULL,'IE','false','false','1','TB','OTA','WEB','Booking.com','BOOKPROM','166.00','166.00','3','166.00','98',NULL,NULL),
('R0041','2026-08-12','2026-08-15','2026-08-14','2026-08-14','Reserved','Posted','2026-05-06 17:37:00+00',NULL,'IE','false','false','1','TB','OTA','WEB','Booking.com','BOOKPROM','166.00','166.00','3','166.00','98',NULL,NULL),
('R0042','2026-09-07','2026-09-09','2026-09-07','2026-09-07','Reserved','Posted','2026-03-31 04:03:00+00',NULL,'GB','false','false','1','TB','FIT','REC','Brand website','FITBB','201.00','219.00','2','201.00','160',NULL,NULL),
('R0042','2026-09-07','2026-09-09','2026-09-08','2026-09-08','Reserved','Posted','2026-03-31 04:03:00+00',NULL,'GB','false','false','1','TB','FIT','REC','Brand website','FITBB','201.00','219.00','2','201.00','160',NULL,NULL),
('R0043','2026-06-27','2026-06-29','2026-06-27','2026-06-27','Reserved','Posted','2026-04-14 03:02:00+00',NULL,'GB','false','false','1','KS','OTA','WEB','Booking.com','BOOKBARB','162.00','162.00','2','162.00','74',NULL,NULL),
('R0043','2026-06-27','2026-06-29','2026-06-28','2026-06-28','Reserved','Posted','2026-04-14 03:02:00+00',NULL,'GB','false','false','1','KS','OTA','WEB','Booking.com','BOOKBARB','162.00','162.00','2','162.00','74',NULL,NULL),
('R0044','2026-09-09','2026-09-12','2026-09-09','2026-09-09','Reserved','Posted','2026-04-02 07:45:00+00',NULL,'FR','false','false','1','KS','BAR','WEB','Sabre','DLYBB','206.00','224.00','3','206.00','160',NULL,NULL),
('R0044','2026-09-09','2026-09-12','2026-09-10','2026-09-10','Reserved','Posted','2026-04-02 07:45:00+00',NULL,'FR','false','false','1','KS','BAR','WEB','Sabre','DLYBB','206.00','224.00','3','206.00','160',NULL,NULL),
('R0044','2026-09-09','2026-09-12','2026-09-11','2026-09-11','Reserved','Provisional','2026-04-02 07:45:00+00',NULL,'FR','false','false','1','KS','BAR','WEB','Sabre','DLYBB','206.00','224.00','3','206.00','160',NULL,NULL),
('R0045','2026-09-22','2026-09-24','2026-09-22','2026-09-22','Reserved','Posted','2026-04-19 19:54:00+00',NULL,'IE','false','false','1','KS','CSR','EMA','OCC Central Reservations','BARCBB','199.00','217.00','2','199.00','156','DraftKings','TravelHub'),
('R0045','2026-09-22','2026-09-24','2026-09-23','2026-09-23','Reserved','Posted','2026-04-19 19:54:00+00',NULL,'IE','false','false','1','KS','CSR','EMA','OCC Central Reservations','BARCBB','199.00','217.00','2','199.00','156','DraftKings','TravelHub'),
('R0046','2026-08-10','2026-08-12','2026-08-10','2026-08-10','Reserved','Posted','2026-03-28 17:22:00+00',NULL,'GB','true','false','6','KS','SMERF','EMA','OCC Central Reservations','GROUPBB','942.00','1050.00','2','157.00','135','Community Choir',NULL),
('R0046','2026-08-10','2026-08-12','2026-08-11','2026-08-11','Reserved','Posted','2026-03-28 17:22:00+00',NULL,'GB','true','false','6','KS','SMERF','EMA','OCC Central Reservations','GROUPBB','942.00','1050.00','2','157.00','135','Community Choir',NULL),
('R0047','2026-10-09','2026-10-12','2026-10-09','2026-10-09','Reserved','Posted','2026-05-02 00:34:00+00',NULL,'DE','false','false','1','KS','PROM','REC','Brand website','OCHEARLY','184.00','184.00','3','184.00','160',NULL,NULL),
('R0047','2026-10-09','2026-10-12','2026-10-10','2026-10-10','Reserved','Posted','2026-05-02 00:34:00+00',NULL,'DE','false','false','1','KS','PROM','REC','Brand website','OCHEARLY','184.00','184.00','3','184.00','160',NULL,NULL),
('R0047','2026-10-09','2026-10-12','2026-10-11','2026-10-11','Reserved','Posted','2026-05-02 00:34:00+00',NULL,'DE','false','false','1','KS','PROM','REC','Brand website','OCHEARLY','184.00','184.00','3','184.00','160',NULL,NULL),
('R0048','2026-07-26','2026-07-28','2026-07-26','2026-07-26','Reserved','Posted','2026-06-14 01:25:00+00',NULL,'DE','false','false','1','KS','BAR','REC','Members Rate booking','DLY1','224.00','224.00','2','224.00','42',NULL,NULL),
('R0048','2026-07-26','2026-07-28','2026-07-27','2026-07-27','Reserved','Posted','2026-06-14 01:25:00+00',NULL,'DE','false','false','1','KS','BAR','REC','Members Rate booking','DLY1','224.00','224.00','2','224.00','42',NULL,NULL),
('R0049','2026-08-21','2026-08-23','2026-08-21','2026-08-21','Cancelled','Posted','2026-03-14 17:06:00+00','2026-04-03 12:00:00+00','DE','false','false','1','KS','CSR','EMA','OCC Central Reservations','BARCBB','199.00','217.00','2','199.00','160','Acme Consulting',NULL),
('R0049','2026-08-21','2026-08-23','2026-08-22','2026-08-22','Cancelled','Posted','2026-03-14 17:06:00+00','2026-04-03 12:00:00+00','DE','false','false','1','KS','CSR','EMA','OCC Central Reservations','BARCBB','199.00','217.00','2','199.00','160','Acme Consulting',NULL),
('R0050','2026-08-14','2026-08-17','2026-08-14','2026-08-14','Reserved','Posted','2026-04-25 09:10:00+00',NULL,'DE','true','false','5','KS','SMERF','EMA','OCC Central Reservations','GROUPBB','830.00','920.00','3','166.00','111','Community Choir',NULL),
('R0050','2026-08-14','2026-08-17','2026-08-15','2026-08-15','Reserved','Posted','2026-04-25 09:10:00+00',NULL,'DE','true','false','5','KS','SMERF','EMA','OCC Central Reservations','GROUPBB','830.00','920.00','3','166.00','111','Community Choir',NULL),
('R0050','2026-08-14','2026-08-17','2026-08-16','2026-08-16','Reserved','Posted','2026-04-25 09:10:00+00',NULL,'DE','true','false','5','KS','SMERF','EMA','OCC Central Reservations','GROUPBB','830.00','920.00','3','166.00','111','Community Choir',NULL),
('R0051','2026-07-09','2026-07-10','2026-07-09','2026-07-09','Reserved','Posted','2026-03-20 12:06:00+00',NULL,'GB','false','false','1','TB','BAR','REC','Members Rate booking','DLY1','187.00','187.00','1','187.00','111',NULL,NULL),
('R0052','2026-09-10','2026-09-13','2026-09-10','2026-09-10','Reserved','Posted','2026-04-03 03:25:00+00',NULL,'FR','false','false','1','KS','CSR','REC','Brand website','CORP10BB','196.00','214.00','3','196.00','160','Acme Consulting',NULL),
('R0052','2026-09-10','2026-09-13','2026-09-11','2026-09-11','Reserved','Posted','2026-04-03 03:25:00+00',NULL,'FR','false','false','1','KS','CSR','REC','Brand website','CORP10BB','196.00','214.00','3','196.00','160','Acme Consulting',NULL),
('R0052','2026-09-10','2026-09-13','2026-09-12','2026-09-12','Reserved','Posted','2026-04-03 03:25:00+00',NULL,'FR','false','false','1','KS','CSR','REC','Brand website','CORP10BB','196.00','214.00','3','196.00','160','Acme Consulting',NULL),
('R0053','2026-07-28','2026-07-30','2026-07-28','2026-07-28','Reserved','Posted','2026-05-20 11:01:00+00',NULL,'ES','false','false','1','TB','FIT','REC','Brand website','FITBB','219.00','237.00','2','219.00','69',NULL,NULL),
('R0053','2026-07-28','2026-07-30','2026-07-29','2026-07-29','Reserved','Provisional','2026-05-20 11:01:00+00',NULL,'ES','false','false','1','TB','FIT','REC','Brand website','FITBB','219.00','237.00','2','219.00','69',NULL,NULL),
('R0054','2026-09-20','2026-09-23','2026-09-20','2026-09-20','Reserved','Posted','2026-06-14 17:00:00+00',NULL,'CA','false','false','1','KS','OTA','WEB','Expedia','EXPBARH','170.00','170.00','3','170.00','98',NULL,NULL),
('R0054','2026-09-20','2026-09-23','2026-09-21','2026-09-21','Reserved','Posted','2026-06-14 17:00:00+00',NULL,'CA','false','false','1','KS','OTA','WEB','Expedia','EXPBARH','170.00','170.00','3','170.00','98',NULL,NULL),
('R0054','2026-09-20','2026-09-23','2026-09-22','2026-09-22','Reserved','Posted','2026-06-14 17:00:00+00',NULL,'CA','false','false','1','KS','OTA','WEB','Expedia','EXPBARH','170.00','170.00','3','170.00','98',NULL,NULL),
('R0055','2026-08-09','2026-08-10','2026-08-09','2026-08-09','Reserved','Posted','2026-04-12 10:12:00+00',NULL,'CA','false','false','1','KS','OTA','WEB','Booking.com','EXPBARH','176.00','176.00','1','176.00','119',NULL,NULL),
('R0056','2026-09-04','2026-09-06','2026-09-04','2026-09-04','Cancelled','Posted','2026-03-28 10:47:00+00','2026-06-07 12:00:00+00','NL','false','false','1','KS','OTA','WEB','Expedia','BOOKBAR','173.00','173.00','2','173.00','160',NULL,NULL),
('R0056','2026-09-04','2026-09-06','2026-09-05','2026-09-05','Cancelled','Posted','2026-03-28 10:47:00+00','2026-06-07 12:00:00+00','NL','false','false','1','KS','OTA','WEB','Expedia','BOOKBAR','173.00','173.00','2','173.00','160',NULL,NULL),
('R0057','2026-08-18','2026-08-20','2026-08-18','2026-08-18','Reserved','Posted','2026-06-09 14:45:00+00',NULL,'IE','false','false','1','TB','OTA','WEB','Booking.com','EXPBARH','160.00','160.00','2','160.00','70',NULL,NULL),
('R0057','2026-08-18','2026-08-20','2026-08-19','2026-08-19','Reserved','Posted','2026-06-09 14:45:00+00',NULL,'IE','false','false','1','TB','OTA','WEB','Booking.com','EXPBARH','160.00','160.00','2','160.00','70',NULL,NULL),
('R0058','2026-09-16','2026-09-17','2026-09-16','2026-09-16','Reserved','Posted','2026-04-09 08:05:00+00',NULL,'DE','false','false','1','KS','PROM','REC','Brand website','OCHEARLY','190.00','190.00','1','190.00','160',NULL,NULL),
('R0059','2026-06-16','2026-06-18','2026-06-16','2026-06-16','Reserved','Posted','2026-03-05 15:50:00+00',NULL,'IE','false','false','1','EX','PROM','REC','Brand website','OCHPERKRO','250.00','250.00','2','250.00','103',NULL,NULL),
('R0059','2026-06-16','2026-06-18','2026-06-17','2026-06-17','Reserved','Posted','2026-03-05 15:50:00+00',NULL,'IE','false','false','1','EX','PROM','REC','Brand website','OCHPERKRO','250.00','250.00','2','250.00','103',NULL,NULL),
('R0060','2026-07-14','2026-07-17','2026-07-14','2026-07-14','Reserved','Posted','2026-06-11 09:23:00+00',NULL,'ES','false','false','1','KS','PROM','REC','Brand website','OCHPERKRO','178.00','178.00','3','178.00','33',NULL,NULL),
('R0060','2026-07-14','2026-07-17','2026-07-15','2026-07-15','Reserved','Posted','2026-06-11 09:23:00+00',NULL,'ES','false','false','1','KS','PROM','REC','Brand website','OCHPERKRO','178.00','178.00','3','178.00','33',NULL,NULL),
('R0060','2026-07-14','2026-07-17','2026-07-16','2026-07-16','Reserved','Posted','2026-06-11 09:23:00+00',NULL,'ES','false','false','1','KS','PROM','REC','Brand website','OCHPERKRO','178.00','178.00','3','178.00','33',NULL,NULL),
('R0061','2026-08-24','2026-08-27','2026-08-24','2026-08-24','Reserved','Posted','2026-03-17 14:02:00+00',NULL,'CA','false','false','1','TB','BAR','REC','Members Rate booking','DLYBB','199.00','217.00','3','199.00','160',NULL,NULL),
('R0061','2026-08-24','2026-08-27','2026-08-25','2026-08-25','Reserved','Posted','2026-03-17 14:02:00+00',NULL,'CA','false','false','1','TB','BAR','REC','Members Rate booking','DLYBB','199.00','217.00','3','199.00','160',NULL,NULL),
('R0061','2026-08-24','2026-08-27','2026-08-26','2026-08-26','Reserved','Posted','2026-03-17 14:02:00+00',NULL,'CA','false','false','1','TB','BAR','REC','Members Rate booking','DLYBB','199.00','217.00','3','199.00','160',NULL,NULL),
('R0062','2026-09-10','2026-09-11','2026-09-10','2026-09-10','Reserved','Posted','2026-04-03 09:26:00+00',NULL,'IE','false','false','1','KS','CNR','REC','Brand website','GOORO','204.00','204.00','1','204.00','160','DraftKings',NULL),
('R0063','2026-08-13','2026-08-15','2026-08-13','2026-08-13','Reserved','Posted','2026-03-06 03:38:00+00',NULL,'ES','false','false','1','KS','OTA','WEB','Booking.com','BOOKBARB','167.00','167.00','2','167.00','160',NULL,NULL),
('R0063','2026-08-13','2026-08-15','2026-08-14','2026-08-14','Reserved','Posted','2026-03-06 03:38:00+00',NULL,'ES','false','false','1','KS','OTA','WEB','Booking.com','BOOKBARB','167.00','167.00','2','167.00','160',NULL,NULL),
('R0064','2026-07-23','2026-07-25','2026-07-23','2026-07-23','Reserved','Posted','2026-03-04 21:09:00+00',NULL,'FR','false','false','1','KS','PROM','REC','Brand website','OCHPERKRO','196.00','196.00','2','196.00','141',NULL,NULL),
('R0064','2026-07-23','2026-07-25','2026-07-24','2026-07-24','Reserved','Posted','2026-03-04 21:09:00+00',NULL,'FR','false','false','1','KS','PROM','REC','Brand website','OCHPERKRO','196.00','196.00','2','196.00','141',NULL,NULL),
('R0065','2026-09-29','2026-10-01','2026-09-29','2026-09-29','Reserved','Posted','2026-04-22 09:09:00+00',NULL,'FR','false','false','1','KS','BAR','REC','Members Rate booking','DLY1','200.00','200.00','2','200.00','160',NULL,NULL),
('R0065','2026-09-29','2026-10-01','2026-09-30','2026-09-30','Reserved','Posted','2026-04-22 09:09:00+00',NULL,'FR','false','false','1','KS','BAR','REC','Members Rate booking','DLY1','200.00','200.00','2','200.00','160',NULL,NULL),
('R0066','2026-08-28','2026-08-30','2026-08-28','2026-08-28','Reserved','Posted','2026-03-30 00:58:00+00',NULL,'GB','false','false','1','TB','OTA','WEB','Booking.com','EXPBARB','169.00','169.00','2','169.00','151',NULL,NULL),
('R0066','2026-08-28','2026-08-30','2026-08-29','2026-08-29','Reserved','Posted','2026-03-30 00:58:00+00',NULL,'GB','false','false','1','TB','OTA','WEB','Booking.com','EXPBARB','169.00','169.00','2','169.00','151',NULL,NULL),
('R0067','2026-07-06','2026-07-09','2026-07-06','2026-07-06','Cancelled','Posted','2026-03-09 17:42:00+00','2026-05-10 12:00:00+00','US','false','false','1','KS','CSR','REC','Brand website','BARCBB','191.00','209.00','3','191.00','119','Acme Consulting',NULL),
('R0067','2026-07-06','2026-07-09','2026-07-07','2026-07-07','Cancelled','Posted','2026-03-09 17:42:00+00','2026-05-10 12:00:00+00','US','false','false','1','KS','CSR','REC','Brand website','BARCBB','191.00','209.00','3','191.00','119','Acme Consulting',NULL),
('R0067','2026-07-06','2026-07-09','2026-07-08','2026-07-08','Cancelled','Posted','2026-03-09 17:42:00+00','2026-05-10 12:00:00+00','US','false','false','1','KS','CSR','REC','Brand website','BARCBB','191.00','209.00','3','191.00','119','Acme Consulting',NULL),
('R0068','2026-08-29','2026-09-01','2026-08-29','2026-08-29','Reserved','Posted','2026-03-22 04:17:00+00',NULL,'GB','false','false','1','KS','OTA','WEB','Booking.com','BOOKPROM','185.00','185.00','3','185.00','160',NULL,NULL),
('R0068','2026-08-29','2026-09-01','2026-08-30','2026-08-30','Reserved','Posted','2026-03-22 04:17:00+00',NULL,'GB','false','false','1','KS','OTA','WEB','Booking.com','BOOKPROM','185.00','185.00','3','185.00','160',NULL,NULL),
('R0068','2026-08-29','2026-09-01','2026-08-31','2026-08-31','Reserved','Posted','2026-03-22 04:17:00+00',NULL,'GB','false','false','1','KS','OTA','WEB','Booking.com','BOOKPROM','185.00','185.00','3','185.00','160',NULL,NULL),
('R0069','2026-06-20','2026-06-23','2026-06-20','2026-06-20','Reserved','Posted','2026-05-29 23:40:00+00',NULL,'IE','true','false','12','KS','SMERF','EMA','OCC Central Reservations','GROUPBB','1788.00','2004.00','3','149.00','22','Dublin Design Week',NULL),
('R0069','2026-06-20','2026-06-23','2026-06-21','2026-06-21','Reserved','Posted','2026-05-29 23:40:00+00',NULL,'IE','true','false','12','KS','SMERF','EMA','OCC Central Reservations','GROUPBB','1788.00','2004.00','3','149.00','22','Dublin Design Week',NULL),
('R0069','2026-06-20','2026-06-23','2026-06-22','2026-06-22','Reserved','Posted','2026-05-29 23:40:00+00',NULL,'IE','true','false','12','KS','SMERF','EMA','OCC Central Reservations','GROUPBB','1788.00','2004.00','3','149.00','22','Dublin Design Week',NULL),
('R0070','2026-07-11','2026-07-13','2026-07-11','2026-07-11','Reserved','Posted','2026-04-14 07:20:00+00',NULL,'ES','false','false','2','KS','OTA','WEB','Expedia','BOOKPROM','364.00','364.00','2','182.00','88',NULL,NULL),
('R0070','2026-07-11','2026-07-13','2026-07-12','2026-07-12','Reserved','Posted','2026-04-14 07:20:00+00',NULL,'ES','false','false','2','KS','OTA','WEB','Expedia','BOOKPROM','364.00','364.00','2','182.00','88',NULL,NULL),
('R0071','2026-10-14','2026-10-17','2026-10-14','2026-10-14','Reserved','Posted','2026-05-07 09:30:00+00',NULL,'CA','false','false','1','KS','OTA','WEB','Expedia','BOOKBAR','173.00','173.00','3','173.00','160',NULL,NULL),
('R0071','2026-10-14','2026-10-17','2026-10-15','2026-10-15','Reserved','Posted','2026-05-07 09:30:00+00',NULL,'CA','false','false','1','KS','OTA','WEB','Expedia','BOOKBAR','173.00','173.00','3','173.00','160',NULL,NULL),
('R0071','2026-10-14','2026-10-17','2026-10-16','2026-10-16','Reserved','Posted','2026-05-07 09:30:00+00',NULL,'CA','false','false','1','KS','OTA','WEB','Expedia','BOOKBAR','173.00','173.00','3','173.00','160',NULL,NULL),
('R0072','2026-08-27','2026-08-29','2026-08-27','2026-08-27','Reserved','Posted','2026-04-07 05:47:00+00',NULL,'NL','false','false','1','KS','OTA','WEB','Booking.com','EXPP','173.00','173.00','2','173.00','142',NULL,NULL),
('R0072','2026-08-27','2026-08-29','2026-08-28','2026-08-28','Reserved','Posted','2026-04-07 05:47:00+00',NULL,'NL','false','false','1','KS','OTA','WEB','Booking.com','EXPP','173.00','173.00','2','173.00','142',NULL,NULL),
('R0073','2026-07-02','2026-07-05','2026-07-02','2026-07-02','Reserved','Posted','2026-05-01 06:01:00+00',NULL,'DE','true','false','10','KS','CGR','EMA','OCC Central Reservations','GROUPBB','1530.00','1710.00','3','153.00','62','Legal Partners LLP',NULL),
('R0073','2026-07-02','2026-07-05','2026-07-03','2026-07-03','Reserved','Posted','2026-05-01 06:01:00+00',NULL,'DE','true','false','10','KS','CGR','EMA','OCC Central Reservations','GROUPBB','1530.00','1710.00','3','153.00','62','Legal Partners LLP',NULL),
('R0073','2026-07-02','2026-07-05','2026-07-04','2026-07-04','Reserved','Posted','2026-05-01 06:01:00+00',NULL,'DE','true','false','10','KS','CGR','EMA','OCC Central Reservations','GROUPBB','1530.00','1710.00','3','153.00','62','Legal Partners LLP',NULL),
('R0074','2026-07-09','2026-07-11','2026-07-09','2026-07-09','Reserved','Posted','2026-03-28 21:15:00+00',NULL,'GB','false','false','1','KS','CNR','REC','Brand website','GOORO','204.00','204.00','2','204.00','103','Vertex Systems',NULL),
('R0074','2026-07-09','2026-07-11','2026-07-10','2026-07-10','Reserved','Posted','2026-03-28 21:15:00+00',NULL,'GB','false','false','1','KS','CNR','REC','Brand website','GOORO','204.00','204.00','2','204.00','103','Vertex Systems',NULL),
('R0075','2026-07-15','2026-07-16','2026-07-15','2026-07-15','Reserved','Posted','2026-04-10 09:32:00+00',NULL,'IE','false','false','2','KS','OTA','WEB','Expedia','BOOKBARB','364.00','364.00','1','182.00','96',NULL,NULL),
('R0076','2026-07-26','2026-07-28','2026-07-26','2026-07-26','Reserved','Posted','2026-03-30 19:03:00+00',NULL,'IE','false','false','1','KS','CNR','EMA','OCC Central Reservations','GOORO','225.00','225.00','2','225.00','118','Vertex Systems','TravelHub'),
('R0076','2026-07-26','2026-07-28','2026-07-27','2026-07-27','Reserved','Posted','2026-03-30 19:03:00+00',NULL,'IE','false','false','1','KS','CNR','EMA','OCC Central Reservations','GOORO','225.00','225.00','2','225.00','118','Vertex Systems','TravelHub'),
('R0077','2026-09-06','2026-09-09','2026-09-06','2026-09-06','Reserved','Posted','2026-04-07 22:52:00+00',NULL,'ES','false','false','1','KS','OTA','WEB','Expedia','BOOKBARB','167.00','167.00','3','167.00','152',NULL,NULL),
('R0077','2026-09-06','2026-09-09','2026-09-07','2026-09-07','Reserved','Posted','2026-04-07 22:52:00+00',NULL,'ES','false','false','1','KS','OTA','WEB','Expedia','BOOKBARB','167.00','167.00','3','167.00','152',NULL,NULL),
('R0077','2026-09-06','2026-09-09','2026-09-08','2026-09-08','Reserved','Posted','2026-04-07 22:52:00+00',NULL,'ES','false','false','1','KS','OTA','WEB','Expedia','BOOKBARB','167.00','167.00','3','167.00','152',NULL,NULL),
('R0078','2026-08-26','2026-08-27','2026-08-26','2026-08-26','Cancelled','Posted','2026-03-19 00:36:00+00','2026-05-27 12:00:00+00','US','false','false','1','KS','CSR','EMA','OCC Central Reservations','BARCBB','208.00','226.00','1','208.00','160','Acme Consulting','TravelHub'),
('R0079','2026-09-04','2026-09-05','2026-09-04','2026-09-04','Reserved','Posted','2026-03-28 11:31:00+00',NULL,'CA','false','false','1','TB','FIT','REC','Brand website','FITBB','207.00','225.00','1','207.00','160',NULL,NULL),
('R0080','2026-07-01','2026-07-02','2026-07-01','2026-07-01','Reserved','Posted','2026-04-17 06:35:00+00',NULL,'ES','false','false','1','KS','FIT','REC','Members Rate booking','FITBB','215.00','233.00','1','215.00','75',NULL,NULL),
('R0081','2026-08-24','2026-08-26','2026-08-24','2026-08-24','Reserved','Posted','2026-06-17 16:22:00+00',NULL,'GB','false','false','1','KS','OTA','WEB','Booking.com','EXPP','182.00','182.00','2','182.00','68',NULL,NULL),
('R0081','2026-08-24','2026-08-26','2026-08-25','2026-08-25','Reserved','Posted','2026-06-17 16:22:00+00',NULL,'GB','false','false','1','KS','OTA','WEB','Booking.com','EXPP','182.00','182.00','2','182.00','68',NULL,NULL),
('R0082','2026-09-05','2026-09-08','2026-09-05','2026-09-05','Reserved','Posted','2026-04-23 16:14:00+00',NULL,'DE','false','false','1','KS','OTA','WEB','Expedia','EXPBARH','182.00','182.00','3','182.00','135',NULL,NULL),
('R0082','2026-09-05','2026-09-08','2026-09-06','2026-09-06','Reserved','Posted','2026-04-23 16:14:00+00',NULL,'DE','false','false','1','KS','OTA','WEB','Expedia','EXPBARH','182.00','182.00','3','182.00','135',NULL,NULL),
('R0082','2026-09-05','2026-09-08','2026-09-07','2026-09-07','Reserved','Posted','2026-04-23 16:14:00+00',NULL,'DE','false','false','1','KS','OTA','WEB','Expedia','EXPBARH','182.00','182.00','3','182.00','135',NULL,NULL),
('R0083','2026-09-06','2026-09-09','2026-09-06','2026-09-06','Reserved','Posted','2026-03-30 05:49:00+00',NULL,'IE','false','false','1','KS','OTA','WEB','Booking.com','EXPP','170.00','170.00','3','170.00','160',NULL,NULL),
('R0083','2026-09-06','2026-09-09','2026-09-07','2026-09-07','Reserved','Posted','2026-03-30 05:49:00+00',NULL,'IE','false','false','1','KS','OTA','WEB','Booking.com','EXPP','170.00','170.00','3','170.00','160',NULL,NULL),
('R0083','2026-09-06','2026-09-09','2026-09-08','2026-09-08','Reserved','Posted','2026-03-30 05:49:00+00',NULL,'IE','false','false','1','KS','OTA','WEB','Booking.com','EXPP','170.00','170.00','3','170.00','160',NULL,NULL),
('R0084','2026-09-27','2026-09-29','2026-09-27','2026-09-27','Reserved','Posted','2026-04-20 08:59:00+00',NULL,'DE','false','false','1','TB','PROM','WEB','Sabre','OCHPERKRO','171.00','171.00','2','171.00','160',NULL,NULL),
('R0084','2026-09-27','2026-09-29','2026-09-28','2026-09-28','Reserved','Posted','2026-04-20 08:59:00+00',NULL,'DE','false','false','1','TB','PROM','WEB','Sabre','OCHPERKRO','171.00','171.00','2','171.00','160',NULL,NULL),
('R0085','2026-09-07','2026-09-08','2026-09-07','2026-09-07','Reserved','Posted','2026-06-15 16:59:00+00',NULL,'GB','false','false','1','KS','FIT','REC','Brand website','FITBB','217.00','235.00','1','217.00','84',NULL,NULL),
('R0086','2026-08-14','2026-08-15','2026-08-14','2026-08-14','Reserved','Posted','2026-03-13 03:11:00+00',NULL,'ES','false','false','1','KS','BAR','WEB','Sabre','DLY1','215.00','215.00','1','215.00','154',NULL,NULL),
('R0087','2026-10-12','2026-10-13','2026-10-12','2026-10-12','Reserved','Posted','2026-05-05 20:51:00+00',NULL,'DE','false','false','1','TB','OTA','WEB','Booking.com','BOOKPROM','163.00','163.00','1','163.00','160',NULL,NULL),
('R0088','2026-07-05','2026-07-06','2026-07-05','2026-07-05','Reserved','Posted','2026-04-28 20:02:00+00',NULL,'ES','false','false','1','KS','PROM','REC','Brand website','OCHPERKRO','179.00','179.00','1','179.00','68',NULL,NULL),
('R0089','2026-09-30','2026-10-01','2026-09-30','2026-09-30','Cancelled','Posted','2026-04-23 21:11:00+00','2026-05-17 12:00:00+00','ES','false','false','1','KS','BAR','REC','Brand website','DLY1','206.00','206.00','1','206.00','160',NULL,NULL),
('R0090','2026-09-22','2026-09-23','2026-09-22','2026-09-22','Reserved','Posted','2026-04-15 15:11:00+00',NULL,'IE','false','false','1','TB','FIT','WEB','Members Rate booking','FITBB','201.00','219.00','1','201.00','160',NULL,NULL),
('R0091','2026-07-16','2026-07-19','2026-07-16','2026-07-16','Reserved','Posted','2026-06-15 06:09:00+00',NULL,'GB','true','false','6','KS','CGR','EMA','OCC Central Reservations','GROUPBB','1020.00','1128.00','3','170.00','31','TechSummit',NULL),
('R0091','2026-07-16','2026-07-19','2026-07-17','2026-07-17','Reserved','Posted','2026-06-15 06:09:00+00',NULL,'GB','true','false','6','KS','CGR','EMA','OCC Central Reservations','GROUPBB','1020.00','1128.00','3','170.00','31','TechSummit',NULL),
('R0091','2026-07-16','2026-07-19','2026-07-18','2026-07-18','Reserved','Posted','2026-06-15 06:09:00+00',NULL,'GB','true','false','6','KS','CGR','EMA','OCC Central Reservations','GROUPBB','1020.00','1128.00','3','170.00','31','TechSummit',NULL),
('R0092','2026-07-24','2026-07-25','2026-07-24','2026-07-24','Reserved','Posted','2026-02-24 17:49:00+00',NULL,'ES','false','false','1','TB','PROM','REC','Members Rate booking','OCHEARLY','180.00','180.00','1','180.00','150',NULL,NULL),
('R0093','2026-07-01','2026-07-03','2026-07-01','2026-07-01','Reserved','Posted','2026-04-19 20:28:00+00',NULL,'ES','false','false','1','KS','OTA','WEB','Booking.com','BOOKBAR','174.00','174.00','2','174.00','73',NULL,NULL),
('R0093','2026-07-01','2026-07-03','2026-07-02','2026-07-02','Reserved','Posted','2026-04-19 20:28:00+00',NULL,'ES','false','false','1','KS','OTA','WEB','Booking.com','BOOKBAR','174.00','174.00','2','174.00','73',NULL,NULL),
('R0094','2026-08-20','2026-08-23','2026-08-20','2026-08-20','Cancelled','Posted','2026-06-12 03:37:00+00','2026-06-13 12:00:00+00','NL','true','false','9','KS','SMERF','EMA','OCC Central Reservations','GROUPBB','1575.00','1737.00','3','175.00','69','Legal Partners LLP',NULL),
('R0094','2026-08-20','2026-08-23','2026-08-21','2026-08-21','Cancelled','Posted','2026-06-12 03:37:00+00','2026-06-13 12:00:00+00','NL','true','false','9','KS','SMERF','EMA','OCC Central Reservations','GROUPBB','1575.00','1737.00','3','175.00','69','Legal Partners LLP',NULL),
('R0094','2026-08-20','2026-08-23','2026-08-22','2026-08-22','Cancelled','Posted','2026-06-12 03:37:00+00','2026-06-13 12:00:00+00','NL','true','false','9','KS','SMERF','EMA','OCC Central Reservations','GROUPBB','1575.00','1737.00','3','175.00','69','Legal Partners LLP',NULL),
('R0095','2026-08-30','2026-09-03','2026-08-30','2026-08-30','Cancelled','Posted','2026-04-05 23:03:00+00','2026-05-04 12:00:00+00','ES','true','false','10','TB','SMERF','EMA','OCC Central Reservations','GROUPBB','1620.00','1800.00','4','162.00','147','Dublin Design Week',NULL),
('R0095','2026-08-30','2026-09-03','2026-08-31','2026-08-31','Cancelled','Posted','2026-04-05 23:03:00+00','2026-05-04 12:00:00+00','ES','true','false','10','TB','SMERF','EMA','OCC Central Reservations','GROUPBB','1620.00','1800.00','4','162.00','147','Dublin Design Week',NULL),
('R0095','2026-08-30','2026-09-03','2026-09-01','2026-09-01','Cancelled','Posted','2026-04-05 23:03:00+00','2026-05-04 12:00:00+00','ES','true','false','10','TB','SMERF','EMA','OCC Central Reservations','GROUPBB','1620.00','1800.00','4','162.00','147','Dublin Design Week',NULL),
('R0095','2026-08-30','2026-09-03','2026-09-02','2026-09-02','Cancelled','Posted','2026-04-05 23:03:00+00','2026-05-04 12:00:00+00','ES','true','false','10','TB','SMERF','EMA','OCC Central Reservations','GROUPBB','1620.00','1800.00','4','162.00','147','Dublin Design Week',NULL),
('R0096','2026-10-02','2026-10-03','2026-10-02','2026-10-02','Reserved','Posted','2026-04-25 18:55:00+00',NULL,'GB','false','false','1','KS','BAR','WEB','Sabre','DLYBB','209.00','227.00','1','209.00','160',NULL,NULL),
('R0097','2026-10-14','2026-10-16','2026-10-14','2026-10-14','Reserved','Posted','2026-05-07 01:47:00+00',NULL,'ES','false','false','1','KS','PROM','WEB','Members Rate booking','OCHEARLY','190.00','190.00','2','190.00','160',NULL,NULL),
('R0097','2026-10-14','2026-10-16','2026-10-15','2026-10-15','Reserved','Posted','2026-05-07 01:47:00+00',NULL,'ES','false','false','1','KS','PROM','WEB','Members Rate booking','OCHEARLY','190.00','190.00','2','190.00','160',NULL,NULL),
('R0098','2026-07-05','2026-07-06','2026-07-05','2026-07-05','Reserved','Posted','2026-02-10 16:35:00+00',NULL,'GB','false','false','1','KS','OTA','WEB','Booking.com','BOOKBARB','165.00','165.00','1','165.00','145',NULL,NULL),
('R0099','2026-07-29','2026-08-01','2026-07-29','2026-07-29','Reserved','Posted','2026-04-18 10:56:00+00',NULL,'IE','true','false','6','TB','EVEN','EMA','OCC Central Reservations','GROUPBB','1086.00','1194.00','3','181.00','102','Legal Partners LLP',NULL),
('R0099','2026-07-29','2026-08-01','2026-07-30','2026-07-30','Reserved','Posted','2026-04-18 10:56:00+00',NULL,'IE','true','false','6','TB','EVEN','EMA','OCC Central Reservations','GROUPBB','1086.00','1194.00','3','181.00','102','Legal Partners LLP',NULL),
('R0099','2026-07-29','2026-08-01','2026-07-31','2026-07-31','Reserved','Posted','2026-04-18 10:56:00+00',NULL,'IE','true','false','6','TB','EVEN','EMA','OCC Central Reservations','GROUPBB','1086.00','1194.00','3','181.00','102','Legal Partners LLP',NULL),
('R0100','2026-10-05','2026-10-08','2026-10-05','2026-10-05','Reserved','Posted','2026-04-28 15:22:00+00',NULL,'US','false','false','1','KS','BAR','REC','Brand website','DLY1','200.00','200.00','3','200.00','160',NULL,NULL),
('R0100','2026-10-05','2026-10-08','2026-10-06','2026-10-06','Reserved','Posted','2026-04-28 15:22:00+00',NULL,'US','false','false','1','KS','BAR','REC','Brand website','DLY1','200.00','200.00','3','200.00','160',NULL,NULL),
('R0100','2026-10-05','2026-10-08','2026-10-07','2026-10-07','Reserved','Posted','2026-04-28 15:22:00+00',NULL,'US','false','false','1','KS','BAR','REC','Brand website','DLY1','200.00','200.00','3','200.00','160',NULL,NULL),
('R0101','2026-08-03','2026-08-04','2026-08-03','2026-08-03','Reserved','Posted','2026-04-14 16:14:00+00',NULL,'GB','false','false','1','KS','OTA','WEB','Expedia','EXPBARB','167.00','167.00','1','167.00','111',NULL,NULL),
('R0102','2026-06-11','2026-06-14','2026-06-11','2026-06-11','Reserved','Posted','2026-02-09 05:01:00+00',NULL,'NL','false','false','1','TB','CNR','REC','Brand website','GOORO','176.00','176.00','3','176.00','122','Vertex Systems',NULL),
('R0102','2026-06-11','2026-06-14','2026-06-12','2026-06-12','Reserved','Posted','2026-02-09 05:01:00+00',NULL,'NL','false','false','1','TB','CNR','REC','Brand website','GOORO','176.00','176.00','3','176.00','122','Vertex Systems',NULL),
('R0102','2026-06-11','2026-06-14','2026-06-13','2026-06-13','Reserved','Posted','2026-02-09 05:01:00+00',NULL,'NL','false','false','1','TB','CNR','REC','Brand website','GOORO','176.00','176.00','3','176.00','122','Vertex Systems',NULL),
('R0103','2026-10-06','2026-10-07','2026-10-06','2026-10-06','Reserved','Posted','2026-04-29 18:21:00+00',NULL,'IE','false','false','1','KS','PROM','REC','Brand website','OCHEARLY','181.00','181.00','1','181.00','160',NULL,NULL),
('R0104','2026-09-29','2026-10-02','2026-09-29','2026-09-29','Cancelled','Posted','2026-04-22 12:16:00+00','2026-04-24 12:00:00+00','DE','false','false','1','KS','OTA','WEB','Expedia','EXPBARH','182.00','182.00','3','182.00','160',NULL,NULL),
('R0104','2026-09-29','2026-10-02','2026-09-30','2026-09-30','Cancelled','Posted','2026-04-22 12:16:00+00','2026-04-24 12:00:00+00','DE','false','false','1','KS','OTA','WEB','Expedia','EXPBARH','182.00','182.00','3','182.00','160',NULL,NULL),
('R0104','2026-09-29','2026-10-02','2026-10-01','2026-10-01','Cancelled','Posted','2026-04-22 12:16:00+00','2026-04-24 12:00:00+00','DE','false','false','1','KS','OTA','WEB','Expedia','EXPBARH','182.00','182.00','3','182.00','160',NULL,NULL),
('R0105','2026-08-30','2026-09-01','2026-08-30','2026-08-30','Reserved','Posted','2026-03-23 12:18:00+00',NULL,'FR','false','false','1','TB','OTA','WEB','Expedia','BOOKPROM','163.00','163.00','2','163.00','160',NULL,NULL),
('R0105','2026-08-30','2026-09-01','2026-08-31','2026-08-31','Reserved','Posted','2026-03-23 12:18:00+00',NULL,'FR','false','false','1','TB','OTA','WEB','Expedia','BOOKPROM','163.00','163.00','2','163.00','160',NULL,NULL),
('R0106','2026-10-02','2026-10-05','2026-10-02','2026-10-02','Reserved','Posted','2026-05-19 17:10:00+00',NULL,'DE','true','false','10','KS','CGR','EMA','OCC Central Reservations','GROUPBB','1700.00','1880.00','3','170.00','136','Community Choir',NULL),
('R0106','2026-10-02','2026-10-05','2026-10-03','2026-10-03','Reserved','Posted','2026-05-19 17:10:00+00',NULL,'DE','true','false','10','KS','CGR','EMA','OCC Central Reservations','GROUPBB','1700.00','1880.00','3','170.00','136','Community Choir',NULL),
('R0106','2026-10-02','2026-10-05','2026-10-04','2026-10-04','Reserved','Posted','2026-05-19 17:10:00+00',NULL,'DE','true','false','10','KS','CGR','EMA','OCC Central Reservations','GROUPBB','1700.00','1880.00','3','170.00','136','Community Choir',NULL),
('R0107','2026-08-06','2026-08-08','2026-08-06','2026-08-06','Cancelled','Posted','2026-03-20 02:33:00+00','2026-05-16 12:00:00+00','IE','false','false','1','TB','OTA','WEB','Expedia','EXPP','166.00','166.00','2','166.00','139',NULL,NULL),
('R0107','2026-08-06','2026-08-08','2026-08-07','2026-08-07','Cancelled','Posted','2026-03-20 02:33:00+00','2026-05-16 12:00:00+00','IE','false','false','1','TB','OTA','WEB','Expedia','EXPP','166.00','166.00','2','166.00','139',NULL,NULL),
('R0108','2026-09-28','2026-10-01','2026-09-28','2026-09-28','Reserved','Posted','2026-05-11 04:14:00+00',NULL,'DE','false','false','1','KS','PROM','WEB','Members Rate booking','OCHEARLY','187.00','187.00','3','187.00','140',NULL,NULL),
('R0108','2026-09-28','2026-10-01','2026-09-29','2026-09-29','Reserved','Posted','2026-05-11 04:14:00+00',NULL,'DE','false','false','1','KS','PROM','WEB','Members Rate booking','OCHEARLY','187.00','187.00','3','187.00','140',NULL,NULL),
('R0108','2026-09-28','2026-10-01','2026-09-30','2026-09-30','Reserved','Posted','2026-05-11 04:14:00+00',NULL,'DE','false','false','1','KS','PROM','WEB','Members Rate booking','OCHEARLY','187.00','187.00','3','187.00','140',NULL,NULL),
('R0109','2026-10-13','2026-10-16','2026-10-13','2026-10-13','Reserved','Posted','2026-05-06 02:47:00+00',NULL,'GB','false','true','1','KS','OTA','WAL','Walk-in','EXPBARH','179.00','179.00','3','179.00','160',NULL,NULL),
('R0109','2026-10-13','2026-10-16','2026-10-14','2026-10-14','Reserved','Posted','2026-05-06 02:47:00+00',NULL,'GB','false','true','1','KS','OTA','WAL','Walk-in','EXPBARH','179.00','179.00','3','179.00','160',NULL,NULL),
('R0109','2026-10-13','2026-10-16','2026-10-15','2026-10-15','Reserved','Posted','2026-05-06 02:47:00+00',NULL,'GB','false','true','1','KS','OTA','WAL','Walk-in','EXPBARH','179.00','179.00','3','179.00','160',NULL,NULL),
('R0110','2026-07-23','2026-07-26','2026-07-23','2026-07-23','Reserved','Posted','2026-06-15 08:47:00+00',NULL,'CA','false','false','1','KS','OTA','WEB','Expedia','EXPP','185.00','185.00','3','185.00','38',NULL,NULL),
('R0110','2026-07-23','2026-07-26','2026-07-24','2026-07-24','Reserved','Posted','2026-06-15 08:47:00+00',NULL,'CA','false','false','1','KS','OTA','WEB','Expedia','EXPP','185.00','185.00','3','185.00','38',NULL,NULL),
('R0110','2026-07-23','2026-07-26','2026-07-25','2026-07-25','Reserved','Posted','2026-06-15 08:47:00+00',NULL,'CA','false','false','1','KS','OTA','WEB','Expedia','EXPP','185.00','185.00','3','185.00','38',NULL,NULL),
('R0111','2026-08-10','2026-08-13','2026-08-10','2026-08-10','Reserved','Posted','2026-05-12 01:34:00+00',NULL,'NL','false','false','2','KS','CNR','EMA','OCC Central Reservations','GOORO','378.00','378.00','3','189.00','90','Acme Consulting','TravelHub'),
('R0111','2026-08-10','2026-08-13','2026-08-11','2026-08-11','Reserved','Posted','2026-05-12 01:34:00+00',NULL,'NL','false','false','2','KS','CNR','EMA','OCC Central Reservations','GOORO','378.00','378.00','3','189.00','90','Acme Consulting','TravelHub'),
('R0111','2026-08-10','2026-08-13','2026-08-12','2026-08-12','Reserved','Posted','2026-05-12 01:34:00+00',NULL,'NL','false','false','2','KS','CNR','EMA','OCC Central Reservations','GOORO','378.00','378.00','3','189.00','90','Acme Consulting','TravelHub'),
('R0112','2026-06-04','2026-06-06','2026-06-04','2026-06-04','Reserved','Posted','2026-03-13 05:32:00+00',NULL,'NL','true','false','4','KS','EVEN','EMA','OCC Central Reservations','GROUPBB','716.00','788.00','2','179.00','83','Community Choir',NULL),
('R0112','2026-06-04','2026-06-06','2026-06-05','2026-06-05','Reserved','Posted','2026-03-13 05:32:00+00',NULL,'NL','true','false','4','KS','EVEN','EMA','OCC Central Reservations','GROUPBB','716.00','788.00','2','179.00','83','Community Choir',NULL),
('R0113','2026-09-24','2026-09-26','2026-09-24','2026-09-24','Reserved','Posted','2026-04-17 07:28:00+00',NULL,'DE','false','false','1','KS','OTA','WEB','Booking.com','EXPBARB','176.00','176.00','2','176.00','160',NULL,NULL),
('R0113','2026-09-24','2026-09-26','2026-09-25','2026-09-25','Reserved','Posted','2026-04-17 07:28:00+00',NULL,'DE','false','false','1','KS','OTA','WEB','Booking.com','EXPBARB','176.00','176.00','2','176.00','160',NULL,NULL),
('R0114','2026-06-26','2026-06-30','2026-06-26','2026-06-26','Reserved','Posted','2026-03-14 14:30:00+00',NULL,'CA','true','false','11','KS','CNI','EMA','OCC Central Reservations','GROUPBB','1804.00','2002.00','4','164.00','104','Dublin Design Week',NULL),
('R0114','2026-06-26','2026-06-30','2026-06-27','2026-06-27','Reserved','Posted','2026-03-14 14:30:00+00',NULL,'CA','true','false','11','KS','CNI','EMA','OCC Central Reservations','GROUPBB','1804.00','2002.00','4','164.00','104','Dublin Design Week',NULL),
('R0114','2026-06-26','2026-06-30','2026-06-28','2026-06-28','Reserved','Posted','2026-03-14 14:30:00+00',NULL,'CA','true','false','11','KS','CNI','EMA','OCC Central Reservations','GROUPBB','1804.00','2002.00','4','164.00','104','Dublin Design Week',NULL),
('R0114','2026-06-26','2026-06-30','2026-06-29','2026-06-29','Reserved','Posted','2026-03-14 14:30:00+00',NULL,'CA','true','false','11','KS','CNI','EMA','OCC Central Reservations','GROUPBB','1804.00','2002.00','4','164.00','104','Dublin Design Week',NULL),
('R0115','2026-09-24','2026-09-27','2026-09-24','2026-09-24','Cancelled','Posted','2026-04-17 23:12:00+00','2026-05-05 12:00:00+00','DE','false','false','1','TB','PROM','REC','Brand website','OCHEARLY','177.00','177.00','3','177.00','160',NULL,NULL),
('R0115','2026-09-24','2026-09-27','2026-09-25','2026-09-25','Cancelled','Posted','2026-04-17 23:12:00+00','2026-05-05 12:00:00+00','DE','false','false','1','TB','PROM','REC','Brand website','OCHEARLY','177.00','177.00','3','177.00','160',NULL,NULL),
('R0115','2026-09-24','2026-09-27','2026-09-26','2026-09-26','Cancelled','Posted','2026-04-17 23:12:00+00','2026-05-05 12:00:00+00','DE','false','false','1','TB','PROM','REC','Brand website','OCHEARLY','177.00','177.00','3','177.00','160',NULL,NULL),
('R0116','2026-10-04','2026-10-05','2026-10-04','2026-10-04','Reserved','Posted','2026-05-22 05:55:00+00',NULL,'CA','false','false','1','KS','CSR','EMA','OCC Central Reservations','BARCBB','208.00','226.00','1','208.00','135','Vertex Systems',NULL),
('R0117','2026-08-11','2026-08-14','2026-08-11','2026-08-11','Reserved','Posted','2026-04-27 10:59:00+00',NULL,'DE','false','false','1','KS','OTA','WEB','Booking.com','EXPBARH','179.00','179.00','3','179.00','106',NULL,NULL),
('R0117','2026-08-11','2026-08-14','2026-08-12','2026-08-12','Reserved','Posted','2026-04-27 10:59:00+00',NULL,'DE','false','false','1','KS','OTA','WEB','Booking.com','EXPBARH','179.00','179.00','3','179.00','106',NULL,NULL),
('R0117','2026-08-11','2026-08-14','2026-08-13','2026-08-13','Reserved','Posted','2026-04-27 10:59:00+00',NULL,'DE','false','false','1','KS','OTA','WEB','Booking.com','EXPBARH','179.00','179.00','3','179.00','106',NULL,NULL),
('R0118','2026-07-28','2026-07-29','2026-07-28','2026-07-28','Reserved','Posted','2026-04-02 13:24:00+00',NULL,'US','false','false','1','KS','CSR','EMA','OCC Central Reservations','CORP10BB','226.00','244.00','1','226.00','117','Barclays','TravelHub'),
('R0119','2026-07-10','2026-07-13','2026-07-10','2026-07-10','Reserved','Posted','2026-02-21 23:56:00+00',NULL,'CA','false','false','1','TB','OTA','WEB','Expedia','BOOKBARB','172.00','172.00','3','172.00','139',NULL,NULL),
('R0119','2026-07-10','2026-07-13','2026-07-11','2026-07-11','Reserved','Posted','2026-02-21 23:56:00+00',NULL,'CA','false','false','1','TB','OTA','WEB','Expedia','BOOKBARB','172.00','172.00','3','172.00','139',NULL,NULL),
('R0119','2026-07-10','2026-07-13','2026-07-12','2026-07-12','Reserved','Posted','2026-02-21 23:56:00+00',NULL,'CA','false','false','1','TB','OTA','WEB','Expedia','BOOKBARB','172.00','172.00','3','172.00','139',NULL,NULL),
('R0120','2026-09-03','2026-09-04','2026-09-03','2026-09-03','Reserved','Posted','2026-06-15 05:18:00+00',NULL,'IE','false','true','2','EX','BAR','WAL','Walk-in','DLYBB','538.00','574.00','1','269.00','80',NULL,NULL),
('R0121','2026-08-09','2026-08-11','2026-08-09','2026-08-09','Reserved','Posted','2026-04-16 02:16:00+00',NULL,'NL','true','false','9','KS','EVEN','EMA','OCC Central Reservations','GROUPBB','1692.00','1854.00','2','188.00','115','Community Choir',NULL),
('R0121','2026-08-09','2026-08-11','2026-08-10','2026-08-10','Reserved','Posted','2026-04-16 02:16:00+00',NULL,'NL','true','false','9','KS','EVEN','EMA','OCC Central Reservations','GROUPBB','1692.00','1854.00','2','188.00','115','Community Choir',NULL),
('R0122','2026-07-04','2026-07-07','2026-07-04','2026-07-04','Reserved','Posted','2026-04-19 21:13:00+00',NULL,'GB','false','false','1','TB','PROM','REC','Members Rate booking','OCHEARLY','163.00','163.00','3','163.00','76',NULL,NULL),
('R0122','2026-07-04','2026-07-07','2026-07-05','2026-07-05','Reserved','Posted','2026-04-19 21:13:00+00',NULL,'GB','false','false','1','TB','PROM','REC','Members Rate booking','OCHEARLY','163.00','163.00','3','163.00','76',NULL,NULL),
('R0122','2026-07-04','2026-07-07','2026-07-06','2026-07-06','Reserved','Posted','2026-04-19 21:13:00+00',NULL,'GB','false','false','1','TB','PROM','REC','Members Rate booking','OCHEARLY','163.00','163.00','3','163.00','76',NULL,NULL),
('R0123','2026-07-07','2026-07-08','2026-07-07','2026-07-07','Reserved','Posted','2026-05-15 19:20:00+00',NULL,'GB','false','false','1','TB','OTA','WEB','Booking.com','BOOKBARB','161.00','161.00','1','161.00','53',NULL,NULL),
('R0124','2026-09-20','2026-09-21','2026-09-20','2026-09-20','Reserved','Posted','2026-04-13 17:10:00+00',NULL,'FR','false','false','1','KS','OTA','WEB','Expedia','BOOKBAR','170.00','170.00','1','170.00','160',NULL,NULL),
('R0125','2026-10-11','2026-10-13','2026-10-11','2026-10-11','Reserved','Posted','2026-05-04 10:45:00+00',NULL,'IE','false','false','1','KS','PROM','WEB','Sabre','OCHEARLY','178.00','178.00','2','178.00','160',NULL,NULL),
('R0125','2026-10-11','2026-10-13','2026-10-12','2026-10-12','Reserved','Posted','2026-05-04 10:45:00+00',NULL,'IE','false','false','1','KS','PROM','WEB','Sabre','OCHEARLY','178.00','178.00','2','178.00','160',NULL,NULL),
('R0126','2026-07-24','2026-07-26','2026-07-24','2026-07-24','Cancelled','Posted','2026-04-10 01:15:00+00','2026-05-13 12:00:00+00','GB','false','false','1','TB','CSR','EMA','OCC Central Reservations','BARCBB','210.00','228.00','2','210.00','105','Acme Consulting',NULL),
('R0126','2026-07-24','2026-07-26','2026-07-25','2026-07-25','Cancelled','Posted','2026-04-10 01:15:00+00','2026-05-13 12:00:00+00','GB','false','false','1','TB','CSR','EMA','OCC Central Reservations','BARCBB','210.00','228.00','2','210.00','105','Acme Consulting',NULL),
('R0127','2026-08-25','2026-08-27','2026-08-25','2026-08-25','Reserved','Posted','2026-03-21 03:41:00+00',NULL,'FR','false','false','1','KS','PROM','REC','Brand website','OCHPERKRO','175.00','175.00','2','175.00','157',NULL,NULL),
('R0127','2026-08-25','2026-08-27','2026-08-26','2026-08-26','Reserved','Posted','2026-03-21 03:41:00+00',NULL,'FR','false','false','1','KS','PROM','REC','Brand website','OCHPERKRO','175.00','175.00','2','175.00','157',NULL,NULL),
('R0128','2026-09-03','2026-09-06','2026-09-03','2026-09-03','Reserved','Posted','2026-04-05 21:56:00+00',NULL,'CA','false','false','1','KS','CSR','REC','Brand website','CORP10BB','208.00','226.00','3','208.00','151','Acme Consulting','TravelHub'),
('R0128','2026-09-03','2026-09-06','2026-09-04','2026-09-04','Reserved','Posted','2026-04-05 21:56:00+00',NULL,'CA','false','false','1','KS','CSR','REC','Brand website','CORP10BB','208.00','226.00','3','208.00','151','Acme Consulting','TravelHub'),
('R0128','2026-09-03','2026-09-06','2026-09-05','2026-09-05','Reserved','Posted','2026-04-05 21:56:00+00',NULL,'CA','false','false','1','KS','CSR','REC','Brand website','CORP10BB','208.00','226.00','3','208.00','151','Acme Consulting','TravelHub'),
('R0129','2026-09-16','2026-09-19','2026-09-16','2026-09-16','Reserved','Posted','2026-06-04 15:14:00+00',NULL,'CA','false','false','1','KS','PROM','REC','Members Rate booking','OCHPERKRO','193.00','193.00','3','193.00','104',NULL,NULL),
('R0129','2026-09-16','2026-09-19','2026-09-17','2026-09-17','Reserved','Posted','2026-06-04 15:14:00+00',NULL,'CA','false','false','1','KS','PROM','REC','Members Rate booking','OCHPERKRO','193.00','193.00','3','193.00','104',NULL,NULL),
('R0129','2026-09-16','2026-09-19','2026-09-18','2026-09-18','Reserved','Posted','2026-06-04 15:14:00+00',NULL,'CA','false','false','1','KS','PROM','REC','Members Rate booking','OCHPERKRO','193.00','193.00','3','193.00','104',NULL,NULL),
('R0130','2026-06-12','2026-06-13','2026-06-12','2026-06-12','Reserved','Posted','2026-03-30 11:50:00+00',NULL,'GB','false','false','1','KS','PROM','REC','Members Rate booking','OCHPERKRO','178.00','178.00','1','178.00','74',NULL,NULL),
('R0131','2026-09-30','2026-10-01','2026-09-30','2026-09-30','Reserved','Posted','2026-05-11 15:10:00+00',NULL,'DE','false','false','1','EX','BAR','REC','Brand website','DLY1','269.00','269.00','1','269.00','142',NULL,NULL),
('R0132','2026-10-12','2026-10-13','2026-10-12','2026-10-12','Reserved','Posted','2026-05-05 09:15:00+00',NULL,'ES','false','false','1','KS','PROM','WEB','Members Rate booking','OCHPERKRO','187.00','187.00','1','187.00','160',NULL,NULL),
('R0133','2026-08-31','2026-09-03','2026-08-31','2026-08-31','Reserved','Posted','2026-06-17 13:07:00+00',NULL,'CA','false','false','1','KS','PROM','REC','Brand website','OCHPERKRO','178.00','178.00','3','178.00','75',NULL,NULL),
('R0133','2026-08-31','2026-09-03','2026-09-01','2026-09-01','Reserved','Posted','2026-06-17 13:07:00+00',NULL,'CA','false','false','1','KS','PROM','REC','Brand website','OCHPERKRO','178.00','178.00','3','178.00','75',NULL,NULL),
('R0133','2026-08-31','2026-09-03','2026-09-02','2026-09-02','Reserved','Posted','2026-06-17 13:07:00+00',NULL,'CA','false','false','1','KS','PROM','REC','Brand website','OCHPERKRO','178.00','178.00','3','178.00','75',NULL,NULL),
('R0134','2026-08-24','2026-08-25','2026-08-24','2026-08-24','Reserved','Posted','2026-03-20 12:17:00+00',NULL,'IE','false','false','2','TB','CSR','EMA','OCC Central Reservations','CORP10BB','384.00','420.00','1','192.00','157','Vertex Systems',NULL),
('R0135','2026-08-11','2026-08-12','2026-08-11','2026-08-11','Reserved','Posted','2026-04-24 14:08:00+00',NULL,'GB','false','false','1','KS','CSR','EMA','OCC Central Reservations','BARCBB','202.00','220.00','1','202.00','109','Barclays',NULL),
('R0136','2026-09-03','2026-09-04','2026-09-03','2026-09-03','Reserved','Posted','2026-03-27 23:46:00+00',NULL,'FR','false','false','1','TB','CSR','EMA','OCC Central Reservations','CORP10BB','183.00','201.00','1','183.00','160','Acme Consulting','TravelHub'),
('R0137','2026-09-17','2026-09-20','2026-09-17','2026-09-17','Reserved','Posted','2026-04-10 10:15:00+00',NULL,'IE','false','false','1','KS','OTA','WEB','Booking.com','EXPP','182.00','182.00','3','182.00','160',NULL,NULL),
('R0137','2026-09-17','2026-09-20','2026-09-18','2026-09-18','Reserved','Posted','2026-04-10 10:15:00+00',NULL,'IE','false','false','1','KS','OTA','WEB','Booking.com','EXPP','182.00','182.00','3','182.00','160',NULL,NULL),
('R0137','2026-09-17','2026-09-20','2026-09-19','2026-09-19','Reserved','Posted','2026-04-10 10:15:00+00',NULL,'IE','false','false','1','KS','OTA','WEB','Booking.com','EXPP','182.00','182.00','3','182.00','160',NULL,NULL),
('R0138','2026-10-08','2026-10-10','2026-10-08','2026-10-08','Reserved','Posted','2026-05-01 17:04:00+00',NULL,'IE','false','false','1','TB','BAR','REC','Brand website','DLY1','193.00','193.00','2','193.00','160',NULL,NULL),
('R0138','2026-10-08','2026-10-10','2026-10-09','2026-10-09','Reserved','Posted','2026-05-01 17:04:00+00',NULL,'IE','false','false','1','TB','BAR','REC','Brand website','DLY1','193.00','193.00','2','193.00','160',NULL,NULL),
('R0139','2026-10-01','2026-10-04','2026-10-01','2026-10-01','Reserved','Posted','2026-04-24 08:29:00+00',NULL,'ES','false','false','1','KS','OTA','WEB','Booking.com','EXPBARB','170.00','170.00','3','170.00','160',NULL,NULL),
('R0139','2026-10-01','2026-10-04','2026-10-02','2026-10-02','Reserved','Posted','2026-04-24 08:29:00+00',NULL,'ES','false','false','1','KS','OTA','WEB','Booking.com','EXPBARB','170.00','170.00','3','170.00','160',NULL,NULL),
('R0139','2026-10-01','2026-10-04','2026-10-03','2026-10-03','Reserved','Posted','2026-04-24 08:29:00+00',NULL,'ES','false','false','1','KS','OTA','WEB','Booking.com','EXPBARB','170.00','170.00','3','170.00','160',NULL,NULL),
('R0140','2026-09-05','2026-09-06','2026-09-05','2026-09-05','Reserved','Posted','2026-03-29 15:57:00+00',NULL,'US','false','false','1','TB','OTA','WEB','Booking.com','BOOKPROM','157.00','157.00','1','157.00','160',NULL,NULL),
('R0141','2026-10-12','2026-10-15','2026-10-12','2026-10-12','Reserved','Posted','2026-05-05 07:50:00+00',NULL,'US','false','false','1','KS','PROM','REC','Brand website','OCHPERKRO','184.00','184.00','3','184.00','160',NULL,NULL),
('R0141','2026-10-12','2026-10-15','2026-10-13','2026-10-13','Reserved','Posted','2026-05-05 07:50:00+00',NULL,'US','false','false','1','KS','PROM','REC','Brand website','OCHPERKRO','184.00','184.00','3','184.00','160',NULL,NULL),
('R0141','2026-10-12','2026-10-15','2026-10-14','2026-10-14','Reserved','Posted','2026-05-05 07:50:00+00',NULL,'US','false','false','1','KS','PROM','REC','Brand website','OCHPERKRO','184.00','184.00','3','184.00','160',NULL,NULL),
('R0142','2026-07-21','2026-07-23','2026-07-21','2026-07-21','Reserved','Posted','2026-03-07 06:39:00+00',NULL,'DE','false','false','2','KS','OTA','WEB','Booking.com','BOOKPROM','400.00','400.00','2','200.00','136',NULL,NULL),
('R0142','2026-07-21','2026-07-23','2026-07-22','2026-07-22','Reserved','Posted','2026-03-07 06:39:00+00',NULL,'DE','false','false','2','KS','OTA','WEB','Booking.com','BOOKPROM','400.00','400.00','2','200.00','136',NULL,NULL),
('R0143','2026-09-30','2026-10-04','2026-09-30','2026-09-30','Reserved','Posted','2026-04-23 14:58:00+00',NULL,'DE','true','false','9','KS','EVEN','EMA','OCC Central Reservations','GROUPBB','1611.00','1773.00','4','179.00','160','TechSummit',NULL),
('R0143','2026-09-30','2026-10-04','2026-10-01','2026-10-01','Reserved','Posted','2026-04-23 14:58:00+00',NULL,'DE','true','false','9','KS','EVEN','EMA','OCC Central Reservations','GROUPBB','1611.00','1773.00','4','179.00','160','TechSummit',NULL),
('R0143','2026-09-30','2026-10-04','2026-10-02','2026-10-02','Reserved','Posted','2026-04-23 14:58:00+00',NULL,'DE','true','false','9','KS','EVEN','EMA','OCC Central Reservations','GROUPBB','1611.00','1773.00','4','179.00','160','TechSummit',NULL),
('R0143','2026-09-30','2026-10-04','2026-10-03','2026-10-03','Reserved','Posted','2026-04-23 14:58:00+00',NULL,'DE','true','false','9','KS','EVEN','EMA','OCC Central Reservations','GROUPBB','1611.00','1773.00','4','179.00','160','TechSummit',NULL),
('R0144','2026-09-29','2026-10-01','2026-09-29','2026-09-29','Reserved','Posted','2026-05-07 19:59:00+00',NULL,'CA','false','false','1','TB','OTA','WEB','Booking.com','BOOKPROM','172.00','172.00','2','172.00','145',NULL,NULL),
('R0144','2026-09-29','2026-10-01','2026-09-30','2026-09-30','Reserved','Posted','2026-05-07 19:59:00+00',NULL,'CA','false','false','1','TB','OTA','WEB','Booking.com','BOOKPROM','172.00','172.00','2','172.00','145',NULL,NULL),
('R0145','2026-08-09','2026-08-12','2026-08-09','2026-08-09','Reserved','Posted','2026-03-02 04:35:00+00',NULL,'ES','false','false','1','KS','OTA','WEB','Booking.com','BOOKBARB','173.00','173.00','3','173.00','160',NULL,NULL),
('R0145','2026-08-09','2026-08-12','2026-08-10','2026-08-10','Reserved','Posted','2026-03-02 04:35:00+00',NULL,'ES','false','false','1','KS','OTA','WEB','Booking.com','BOOKBARB','173.00','173.00','3','173.00','160',NULL,NULL),
('R0145','2026-08-09','2026-08-12','2026-08-11','2026-08-11','Reserved','Posted','2026-03-02 04:35:00+00',NULL,'ES','false','false','1','KS','OTA','WEB','Booking.com','BOOKBARB','173.00','173.00','3','173.00','160',NULL,NULL),
('R0146','2026-07-25','2026-07-27','2026-07-25','2026-07-25','Reserved','Posted','2026-06-11 03:59:00+00',NULL,'IE','false','false','1','TB','PROM','REC','Members Rate booking','OCHPERKRO','198.00','198.00','2','198.00','44',NULL,NULL),
('R0146','2026-07-25','2026-07-27','2026-07-26','2026-07-26','Reserved','Posted','2026-06-11 03:59:00+00',NULL,'IE','false','false','1','TB','PROM','REC','Members Rate booking','OCHPERKRO','198.00','198.00','2','198.00','44',NULL,NULL),
('R0147','2026-08-09','2026-08-10','2026-08-09','2026-08-09','Reserved','Posted','2026-04-15 21:04:00+00',NULL,'GB','false','false','1','KS','CNR','REC','Brand website','GOORO','189.00','189.00','1','189.00','116','DraftKings',NULL),
('R0148','2026-07-13','2026-07-16','2026-07-13','2026-07-13','Reserved','Posted','2026-03-24 15:12:00+00',NULL,'NL','false','false','1','KS','BAR','REC','Brand website','DLYBB','215.00','233.00','3','215.00','111',NULL,NULL),
('R0148','2026-07-13','2026-07-16','2026-07-14','2026-07-14','Reserved','Posted','2026-03-24 15:12:00+00',NULL,'NL','false','false','1','KS','BAR','REC','Brand website','DLYBB','215.00','233.00','3','215.00','111',NULL,NULL),
('R0148','2026-07-13','2026-07-16','2026-07-15','2026-07-15','Reserved','Posted','2026-03-24 15:12:00+00',NULL,'NL','false','false','1','KS','BAR','REC','Brand website','DLYBB','215.00','233.00','3','215.00','111',NULL,NULL),
('R0149','2026-09-26','2026-09-28','2026-09-26','2026-09-26','Reserved','Posted','2026-05-17 04:28:00+00',NULL,'NL','true','false','7','TB','CGR','EMA','OCC Central Reservations','GROUPBB','1120.00','1246.00','2','160.00','132','Community Choir',NULL),
('R0149','2026-09-26','2026-09-28','2026-09-27','2026-09-27','Reserved','Posted','2026-05-17 04:28:00+00',NULL,'NL','true','false','7','TB','CGR','EMA','OCC Central Reservations','GROUPBB','1120.00','1246.00','2','160.00','132','Community Choir',NULL),
('R0150','2026-06-22','2026-06-25','2026-06-22','2026-06-22','Reserved','Posted','2026-04-09 21:48:00+00',NULL,'DE','true','false','10','KS','EVEN','EMA','OCC Central Reservations','GROUPBB','1800.00','1980.00','3','180.00','74','TechSummit',NULL),
('R0150','2026-06-22','2026-06-25','2026-06-23','2026-06-23','Reserved','Posted','2026-04-09 21:48:00+00',NULL,'DE','true','false','10','KS','EVEN','EMA','OCC Central Reservations','GROUPBB','1800.00','1980.00','3','180.00','74','TechSummit',NULL),
('R0150','2026-06-22','2026-06-25','2026-06-24','2026-06-24','Reserved','Posted','2026-04-09 21:48:00+00',NULL,'DE','true','false','10','KS','EVEN','EMA','OCC Central Reservations','GROUPBB','1800.00','1980.00','3','180.00','74','TechSummit',NULL),
('R5001','2025-08-16','2025-08-19','2025-08-16','2025-08-16','Reserved','Posted','2025-05-02 21:52:00+00',NULL,'IE','false','false','1','KS','CSR','REC','Brand website','BARCBB','205.00','223.00','3','205.00','106','DraftKings',NULL),
('R5001','2025-08-16','2025-08-19','2025-08-17','2025-08-17','Reserved','Posted','2025-05-02 21:52:00+00',NULL,'IE','false','false','1','KS','CSR','REC','Brand website','BARCBB','205.00','223.00','3','205.00','106','DraftKings',NULL),
('R5001','2025-08-16','2025-08-19','2025-08-18','2025-08-18','Reserved','Posted','2025-05-02 21:52:00+00',NULL,'IE','false','false','1','KS','CSR','REC','Brand website','BARCBB','205.00','223.00','3','205.00','106','DraftKings',NULL),
('R5002','2025-10-07','2025-10-10','2025-10-07','2025-10-07','Reserved','Posted','2025-05-10 06:50:00+00',NULL,'IE','false','false','1','KS','BAR','REC','Brand website','DLYBB','206.00','224.00','3','206.00','150',NULL,NULL),
('R5002','2025-10-07','2025-10-10','2025-10-08','2025-10-08','Reserved','Posted','2025-05-10 06:50:00+00',NULL,'IE','false','false','1','KS','BAR','REC','Brand website','DLYBB','206.00','224.00','3','206.00','150',NULL,NULL),
('R5002','2025-10-07','2025-10-10','2025-10-09','2025-10-09','Reserved','Posted','2025-05-10 06:50:00+00',NULL,'IE','false','false','1','KS','BAR','REC','Brand website','DLYBB','206.00','224.00','3','206.00','150',NULL,NULL),
('R5003','2025-10-14','2025-10-16','2025-10-14','2025-10-14','Reserved','Posted','2025-05-17 15:32:00+00',NULL,'DE','false','false','1','EX','PROM','REC','Brand website','OCHPERKRO','238.00','238.00','2','238.00','150',NULL,NULL),
('R5003','2025-10-14','2025-10-16','2025-10-15','2025-10-15','Reserved','Posted','2025-05-17 15:32:00+00',NULL,'DE','false','false','1','EX','PROM','REC','Brand website','OCHPERKRO','238.00','238.00','2','238.00','150',NULL,NULL),
('R5004','2025-09-09','2025-09-12','2025-09-09','2025-09-09','Reserved','Posted','2025-04-24 22:05:00+00',NULL,'US','false','false','1','KS','CNR','EMA','OCC Central Reservations','GOORO','201.00','201.00','3','201.00','138','Vertex Systems','TravelHub'),
('R5004','2025-09-09','2025-09-12','2025-09-10','2025-09-10','Reserved','Posted','2025-04-24 22:05:00+00',NULL,'US','false','false','1','KS','CNR','EMA','OCC Central Reservations','GOORO','201.00','201.00','3','201.00','138','Vertex Systems','TravelHub'),
('R5004','2025-09-09','2025-09-12','2025-09-11','2025-09-11','Reserved','Posted','2025-04-24 22:05:00+00',NULL,'US','false','false','1','KS','CNR','EMA','OCC Central Reservations','GOORO','201.00','201.00','3','201.00','138','Vertex Systems','TravelHub'),
('R5005','2025-10-10','2025-10-12','2025-10-10','2025-10-10','Reserved','Posted','2025-05-13 16:48:00+00',NULL,'NL','false','false','1','KS','FIT','REC','Brand website','FITBB','214.00','232.00','2','214.00','150',NULL,NULL),
('R5005','2025-10-10','2025-10-12','2025-10-11','2025-10-11','Reserved','Posted','2025-05-13 16:48:00+00',NULL,'NL','false','false','1','KS','FIT','REC','Brand website','FITBB','214.00','232.00','2','214.00','150',NULL,NULL),
('R5006','2025-07-13','2025-07-14','2025-07-13','2025-07-13','Reserved','Posted','2025-02-13 00:11:00+00',NULL,'NL','false','false','2','KS','CNR','EMA','OCC Central Reservations','GOORO','408.00','408.00','1','204.00','150','Vertex Systems',NULL),
('R5007','2025-08-20','2025-08-22','2025-08-20','2025-08-20','Reserved','Posted','2025-03-31 14:26:00+00',NULL,'US','false','false','1','KS','BAR','WEB','Sabre','DLY1','209.00','209.00','2','209.00','142',NULL,NULL),
('R5007','2025-08-20','2025-08-22','2025-08-21','2025-08-21','Reserved','Posted','2025-03-31 14:26:00+00',NULL,'US','false','false','1','KS','BAR','WEB','Sabre','DLY1','209.00','209.00','2','209.00','142',NULL,NULL),
('R5008','2025-06-30','2025-07-02','2025-06-30','2025-06-30','Reserved','Posted','2025-03-10 14:13:00+00',NULL,'IE','true','false','7','KS','CNI','EMA','OCC Central Reservations','GROUPBB','1127.00','1253.00','2','161.00','112','TechSummit',NULL),
('R5008','2025-06-30','2025-07-02','2025-07-01','2025-07-01','Reserved','Posted','2025-03-10 14:13:00+00',NULL,'IE','true','false','7','KS','CNI','EMA','OCC Central Reservations','GROUPBB','1127.00','1253.00','2','161.00','112','TechSummit',NULL),
('R5009','2025-06-06','2025-06-08','2025-06-06','2025-06-06','Reserved','Posted','2025-04-06 14:55:00+00',NULL,'US','false','true','1','KS','OTA','WAL','Walk-in','EXPBARB','182.00','182.00','2','182.00','61',NULL,NULL),
('R5009','2025-06-06','2025-06-08','2025-06-07','2025-06-07','Reserved','Posted','2025-04-06 14:55:00+00',NULL,'US','false','true','1','KS','OTA','WAL','Walk-in','EXPBARB','182.00','182.00','2','182.00','61',NULL,NULL),
('R5010','2025-09-28','2025-09-29','2025-09-28','2025-09-28','Reserved','Posted','2025-05-01 05:07:00+00',NULL,'CA','false','false','1','KS','OTA','WEB','Expedia','BOOKBARB','170.00','170.00','1','170.00','150',NULL,NULL),
('R5011','2025-08-15','2025-08-17','2025-08-15','2025-08-15','Reserved','Posted','2025-04-22 00:42:00+00',NULL,'CA','false','false','1','TB','PROM','REC','Brand website','OCHPERKRO','180.00','180.00','2','180.00','115',NULL,NULL),
('R5011','2025-08-15','2025-08-17','2025-08-16','2025-08-16','Reserved','Posted','2025-04-22 00:42:00+00',NULL,'CA','false','false','1','TB','PROM','REC','Brand website','OCHPERKRO','180.00','180.00','2','180.00','115',NULL,NULL),
('R5012','2025-07-17','2025-07-20','2025-07-17','2025-07-17','Reserved','Posted','2025-03-22 01:42:00+00',NULL,'US','false','false','2','TB','OTA','WEB','Booking.com','BOOKPROM','326.00','326.00','3','163.00','117',NULL,NULL),
('R5012','2025-07-17','2025-07-20','2025-07-18','2025-07-18','Reserved','Posted','2025-03-22 01:42:00+00',NULL,'US','false','false','2','TB','OTA','WEB','Booking.com','BOOKPROM','326.00','326.00','3','163.00','117',NULL,NULL),
('R5012','2025-07-17','2025-07-20','2025-07-19','2025-07-19','Reserved','Posted','2025-03-22 01:42:00+00',NULL,'US','false','false','2','TB','OTA','WEB','Booking.com','BOOKPROM','326.00','326.00','3','163.00','117',NULL,NULL),
('R5013','2025-07-23','2025-07-25','2025-07-23','2025-07-23','Reserved','Posted','2025-03-31 08:28:00+00',NULL,'CA','false','false','1','KS','PROM','REC','Brand website','OCHPERKRO','211.00','211.00','2','211.00','114',NULL,NULL),
('R5013','2025-07-23','2025-07-25','2025-07-24','2025-07-24','Reserved','Posted','2025-03-31 08:28:00+00',NULL,'CA','false','false','1','KS','PROM','REC','Brand website','OCHPERKRO','211.00','211.00','2','211.00','114',NULL,NULL),
('R5014','2025-07-15','2025-07-16','2025-07-15','2025-07-15','Reserved','Posted','2025-03-17 19:59:00+00',NULL,'IE','false','false','1','TB','OTA','WEB','Booking.com','BOOKBARB','157.00','157.00','1','157.00','120',NULL,NULL),
('R5015','2025-06-05','2025-06-07','2025-06-05','2025-06-05','Reserved','Posted','2025-04-12 07:16:00+00',NULL,'FR','false','false','1','TB','PROM','REC','Brand website','OCHEARLY','174.00','174.00','2','174.00','54',NULL,NULL),
('R5015','2025-06-05','2025-06-07','2025-06-06','2025-06-06','Reserved','Posted','2025-04-12 07:16:00+00',NULL,'FR','false','false','1','TB','PROM','REC','Brand website','OCHEARLY','174.00','174.00','2','174.00','54',NULL,NULL),
('R5016','2025-06-28','2025-06-29','2025-06-28','2025-06-28','Reserved','Posted','2025-05-25 03:57:00+00',NULL,'GB','false','false','1','KS','PROM','WEB','Sabre','OCHEARLY','167.00','167.00','1','167.00','34',NULL,NULL),
('R5017','2025-09-28','2025-10-01','2025-09-28','2025-09-28','Reserved','Posted','2025-05-01 02:52:00+00',NULL,'FR','false','false','1','TB','PROM','REC','Brand website','OCHPERKRO','180.00','180.00','3','180.00','150',NULL,NULL),
('R5017','2025-09-28','2025-10-01','2025-09-29','2025-09-29','Reserved','Posted','2025-05-01 02:52:00+00',NULL,'FR','false','false','1','TB','PROM','REC','Brand website','OCHPERKRO','180.00','180.00','3','180.00','150',NULL,NULL),
('R5017','2025-09-28','2025-10-01','2025-09-30','2025-09-30','Reserved','Posted','2025-05-01 02:52:00+00',NULL,'FR','false','false','1','TB','PROM','REC','Brand website','OCHPERKRO','180.00','180.00','3','180.00','150',NULL,NULL),
('R5018','2025-06-25','2025-06-28','2025-06-25','2025-06-25','Reserved','Posted','2025-03-30 10:36:00+00',NULL,'ES','false','false','1','KS','CNR','EMA','OCC Central Reservations','GOORO','181.00','181.00','3','181.00','87','Barclays',NULL),
('R5018','2025-06-25','2025-06-28','2025-06-26','2025-06-26','Reserved','Posted','2025-03-30 10:36:00+00',NULL,'ES','false','false','1','KS','CNR','EMA','OCC Central Reservations','GOORO','181.00','181.00','3','181.00','87','Barclays',NULL),
('R5018','2025-06-25','2025-06-28','2025-06-27','2025-06-27','Reserved','Posted','2025-03-30 10:36:00+00',NULL,'ES','false','false','1','KS','CNR','EMA','OCC Central Reservations','GOORO','181.00','181.00','3','181.00','87','Barclays',NULL),
('R5019','2025-08-15','2025-08-17','2025-08-15','2025-08-15','Reserved','Posted','2025-03-18 08:22:00+00',NULL,'CA','true','false','11','KS','CNI','EMA','OCC Central Reservations','GROUPBB','1892.00','2090.00','2','172.00','150','TechSummit',NULL),
('R5019','2025-08-15','2025-08-17','2025-08-16','2025-08-16','Reserved','Posted','2025-03-18 08:22:00+00',NULL,'CA','true','false','11','KS','CNI','EMA','OCC Central Reservations','GROUPBB','1892.00','2090.00','2','172.00','150','TechSummit',NULL),
('R5020','2025-08-16','2025-08-18','2025-08-16','2025-08-16','Reserved','Posted','2025-04-02 11:39:00+00',NULL,'US','false','true','1','TB','BAR','WAL','Walk-in','DLY1','202.00','202.00','2','202.00','136',NULL,NULL),
('R5020','2025-08-16','2025-08-18','2025-08-17','2025-08-17','Reserved','Posted','2025-04-02 11:39:00+00',NULL,'US','false','true','1','TB','BAR','WAL','Walk-in','DLY1','202.00','202.00','2','202.00','136',NULL,NULL),
('R5021','2025-07-22','2025-07-23','2025-07-22','2025-07-22','Reserved','Posted','2025-02-22 09:42:00+00',NULL,'US','false','false','1','KS','PROM','REC','Brand website','OCHPERKRO','211.00','211.00','1','211.00','150',NULL,NULL),
('R5022','2025-10-02','2025-10-04','2025-10-02','2025-10-02','Reserved','Posted','2025-05-05 03:51:00+00',NULL,'GB','false','false','1','TB','CSR','REC','Brand website','CORP10BB','183.00','201.00','2','183.00','150','DraftKings',NULL),
('R5022','2025-10-02','2025-10-04','2025-10-03','2025-10-03','Reserved','Posted','2025-05-05 03:51:00+00',NULL,'GB','false','false','1','TB','CSR','REC','Brand website','CORP10BB','183.00','201.00','2','183.00','150','DraftKings',NULL),
('R5023','2025-06-23','2025-06-25','2025-06-23','2025-06-23','Reserved','Posted','2025-04-30 20:09:00+00',NULL,'DE','false','true','1','TB','BAR','WAL','Walk-in','DLYBB','176.00','194.00','2','176.00','54',NULL,NULL),
('R5023','2025-06-23','2025-06-25','2025-06-24','2025-06-24','Reserved','Posted','2025-04-30 20:09:00+00',NULL,'DE','false','true','1','TB','BAR','WAL','Walk-in','DLYBB','176.00','194.00','2','176.00','54',NULL,NULL),
('R5024','2025-06-30','2025-07-01','2025-06-30','2025-06-30','Reserved','Posted','2025-02-04 16:03:00+00',NULL,'IE','false','false','1','KS','CSR','EMA','OCC Central Reservations','BARCBB','197.00','215.00','1','197.00','146','DraftKings',NULL),
('R5025','2025-10-08','2025-10-11','2025-10-08','2025-10-08','Reserved','Posted','2025-05-11 18:48:00+00',NULL,'IE','false','false','1','KS','BAR','WEB','Members Rate booking','DLYBB','209.00','227.00','3','209.00','150',NULL,NULL),
('R5025','2025-10-08','2025-10-11','2025-10-09','2025-10-09','Reserved','Posted','2025-05-11 18:48:00+00',NULL,'IE','false','false','1','KS','BAR','WEB','Members Rate booking','DLYBB','209.00','227.00','3','209.00','150',NULL,NULL),
('R5025','2025-10-08','2025-10-11','2025-10-10','2025-10-10','Reserved','Posted','2025-05-11 18:48:00+00',NULL,'IE','false','false','1','KS','BAR','WEB','Members Rate booking','DLYBB','209.00','227.00','3','209.00','150',NULL,NULL),
('R5026','2025-09-23','2025-09-25','2025-09-23','2025-09-23','Reserved','Posted','2025-04-26 15:10:00+00',NULL,'DE','false','false','1','KS','FIT','REC','Brand website','FITBB','217.00','235.00','2','217.00','150',NULL,NULL),
('R5026','2025-09-23','2025-09-25','2025-09-24','2025-09-24','Reserved','Posted','2025-04-26 15:10:00+00',NULL,'DE','false','false','1','KS','FIT','REC','Brand website','FITBB','217.00','235.00','2','217.00','150',NULL,NULL),
('R5027','2025-09-11','2025-09-13','2025-09-11','2025-09-11','Reserved','Posted','2025-04-24 08:06:00+00',NULL,'ES','false','false','1','KS','BAR','WEB','Members Rate booking','DLY1','203.00','203.00','2','203.00','140',NULL,NULL),
('R5027','2025-09-11','2025-09-13','2025-09-12','2025-09-12','Reserved','Posted','2025-04-24 08:06:00+00',NULL,'ES','false','false','1','KS','BAR','WEB','Members Rate booking','DLY1','203.00','203.00','2','203.00','140',NULL,NULL),
('R5028','2025-07-20','2025-07-23','2025-07-20','2025-07-20','Reserved','Posted','2025-04-20 16:07:00+00',NULL,'ES','false','false','1','KS','CSR','EMA','OCC Central Reservations','BARCBB','214.00','232.00','3','214.00','91','DraftKings',NULL),
('R5028','2025-07-20','2025-07-23','2025-07-21','2025-07-21','Reserved','Posted','2025-04-20 16:07:00+00',NULL,'ES','false','false','1','KS','CSR','EMA','OCC Central Reservations','BARCBB','214.00','232.00','3','214.00','91','DraftKings',NULL),
('R5028','2025-07-20','2025-07-23','2025-07-22','2025-07-22','Reserved','Posted','2025-04-20 16:07:00+00',NULL,'ES','false','false','1','KS','CSR','EMA','OCC Central Reservations','BARCBB','214.00','232.00','3','214.00','91','DraftKings',NULL),
('R5029','2025-07-11','2025-07-13','2025-07-11','2025-07-11','Reserved','Posted','2025-02-28 13:36:00+00',NULL,'ES','false','false','1','KS','CSR','EMA','OCC Central Reservations','CORP10BB','202.00','220.00','2','202.00','133','Barclays',NULL),
('R5029','2025-07-11','2025-07-13','2025-07-12','2025-07-12','Reserved','Posted','2025-02-28 13:36:00+00',NULL,'ES','false','false','1','KS','CSR','EMA','OCC Central Reservations','CORP10BB','202.00','220.00','2','202.00','133','Barclays',NULL),
('R5030','2025-10-06','2025-10-08','2025-10-06','2025-10-06','Reserved','Posted','2025-05-09 02:21:00+00',NULL,'IE','false','false','1','KS','OTA','WEB','Booking.com','BOOKPROM','185.00','185.00','2','185.00','150',NULL,NULL),
('R5030','2025-10-06','2025-10-08','2025-10-07','2025-10-07','Reserved','Posted','2025-05-09 02:21:00+00',NULL,'IE','false','false','1','KS','OTA','WEB','Booking.com','BOOKPROM','185.00','185.00','2','185.00','150',NULL,NULL),
('R5031','2025-09-28','2025-09-30','2025-09-28','2025-09-28','Reserved','Posted','2025-05-01 08:53:00+00',NULL,'ES','false','false','1','KS','CSR','EMA','OCC Central Reservations','BARCBB','196.00','214.00','2','196.00','150','DraftKings',NULL),
('R5031','2025-09-28','2025-09-30','2025-09-29','2025-09-29','Reserved','Posted','2025-05-01 08:53:00+00',NULL,'ES','false','false','1','KS','CSR','EMA','OCC Central Reservations','BARCBB','196.00','214.00','2','196.00','150','DraftKings',NULL),
('R5032','2025-06-25','2025-06-26','2025-06-25','2025-06-25','Reserved','Posted','2025-04-02 04:23:00+00',NULL,'DE','false','false','1','KS','OTA','WEB','Expedia','EXPBARH','168.00','168.00','1','168.00','84',NULL,NULL),
('R5033','2025-08-27','2025-08-28','2025-08-27','2025-08-27','Reserved','Posted','2025-03-30 03:53:00+00',NULL,'DE','false','false','1','KS','CNR','EMA','OCC Central Reservations','GOORO','198.00','198.00','1','198.00','150','Barclays',NULL),
('R5034','2025-06-26','2025-06-27','2025-06-26','2025-06-26','Reserved','Posted','2025-05-02 08:05:00+00',NULL,'DE','false','false','1','KS','CSR','EMA','OCC Central Reservations','CORP10BB','185.00','203.00','1','185.00','55','DraftKings',NULL),
('R5035','2025-08-10','2025-08-12','2025-08-10','2025-08-10','Reserved','Posted','2025-03-13 17:02:00+00',NULL,'FR','true','false','12','KS','EVEN','EMA','OCC Central Reservations','GROUPBB','2076.00','2292.00','2','173.00','150','TechSummit',NULL),
('R5035','2025-08-10','2025-08-12','2025-08-11','2025-08-11','Reserved','Posted','2025-03-13 17:02:00+00',NULL,'FR','true','false','12','KS','EVEN','EMA','OCC Central Reservations','GROUPBB','2076.00','2292.00','2','173.00','150','TechSummit',NULL),
('R5036','2025-09-15','2025-09-18','2025-09-15','2025-09-15','Reserved','Posted','2025-04-18 09:09:00+00',NULL,'FR','false','false','1','KS','OTA','WEB','Booking.com','BOOKBARB','167.00','167.00','3','167.00','150',NULL,NULL),
('R5036','2025-09-15','2025-09-18','2025-09-16','2025-09-16','Reserved','Posted','2025-04-18 09:09:00+00',NULL,'FR','false','false','1','KS','OTA','WEB','Booking.com','BOOKBARB','167.00','167.00','3','167.00','150',NULL,NULL),
('R5036','2025-09-15','2025-09-18','2025-09-17','2025-09-17','Reserved','Posted','2025-04-18 09:09:00+00',NULL,'FR','false','false','1','KS','OTA','WEB','Booking.com','BOOKBARB','167.00','167.00','3','167.00','150',NULL,NULL),
('R5037','2025-09-26','2025-09-29','2025-09-26','2025-09-26','Reserved','Posted','2025-04-29 15:38:00+00',NULL,'IE','false','false','1','KS','OTA','WEB','Expedia','BOOKBARB','170.00','170.00','3','170.00','150',NULL,NULL),
('R5037','2025-09-26','2025-09-29','2025-09-27','2025-09-27','Reserved','Posted','2025-04-29 15:38:00+00',NULL,'IE','false','false','1','KS','OTA','WEB','Expedia','BOOKBARB','170.00','170.00','3','170.00','150',NULL,NULL),
('R5037','2025-09-26','2025-09-29','2025-09-28','2025-09-28','Reserved','Posted','2025-04-29 15:38:00+00',NULL,'IE','false','false','1','KS','OTA','WEB','Expedia','BOOKBARB','170.00','170.00','3','170.00','150',NULL,NULL),
('R5038','2025-10-02','2025-10-04','2025-10-02','2025-10-02','Reserved','Posted','2025-05-10 10:00:00+00',NULL,'FR','true','false','12','KS','CNI','EMA','OCC Central Reservations','GROUPBB','2028.00','2244.00','2','169.00','145','Legal Partners LLP',NULL),
('R5038','2025-10-02','2025-10-04','2025-10-03','2025-10-03','Reserved','Posted','2025-05-10 10:00:00+00',NULL,'FR','true','false','12','KS','CNI','EMA','OCC Central Reservations','GROUPBB','2028.00','2244.00','2','169.00','145','Legal Partners LLP',NULL),
('R5039','2025-08-20','2025-08-21','2025-08-20','2025-08-20','Reserved','Posted','2025-04-28 15:15:00+00',NULL,'FR','false','false','1','EX','PROM','REC','Brand website','OCHEARLY','250.00','250.00','1','250.00','114',NULL,NULL),
('R5040','2025-10-13','2025-10-14','2025-10-13','2025-10-13','Reserved','Posted','2025-05-16 15:12:00+00',NULL,'IE','false','false','1','KS','CSR','REC','Brand website','BARCBB','199.00','217.00','1','199.00','150','DraftKings','TravelHub'),
('R5041','2025-08-20','2025-08-21','2025-08-20','2025-08-20','Reserved','Posted','2025-04-08 03:18:00+00',NULL,'IE','false','false','1','KS','BAR','REC','Members Rate booking','DLY1','200.00','200.00','1','200.00','134',NULL,NULL),
('R5042','2025-08-14','2025-08-16','2025-08-14','2025-08-14','Reserved','Posted','2025-04-07 05:27:00+00',NULL,'GB','false','false','1','KS','CNR','EMA','OCC Central Reservations','GOORO','207.00','207.00','2','207.00','129','Vertex Systems','TravelHub'),
('R5042','2025-08-14','2025-08-16','2025-08-15','2025-08-15','Reserved','Posted','2025-04-07 05:27:00+00',NULL,'GB','false','false','1','KS','CNR','EMA','OCC Central Reservations','GOORO','207.00','207.00','2','207.00','129','Vertex Systems','TravelHub'),
('R5043','2025-08-07','2025-08-09','2025-08-07','2025-08-07','Reserved','Posted','2025-03-23 20:13:00+00',NULL,'FR','false','false','1','KS','PROM','REC','Brand website','OCHEARLY','175.00','175.00','2','175.00','137',NULL,NULL),
('R5043','2025-08-07','2025-08-09','2025-08-08','2025-08-08','Reserved','Posted','2025-03-23 20:13:00+00',NULL,'FR','false','false','1','KS','PROM','REC','Brand website','OCHEARLY','175.00','175.00','2','175.00','137',NULL,NULL),
('R5044','2025-09-13','2025-09-17','2025-09-13','2025-09-13','Reserved','Posted','2025-04-20 01:41:00+00',NULL,'CA','true','false','10','KS','SMERF','EMA','OCC Central Reservations','GROUPBB','1660.00','1840.00','4','166.00','146','TechSummit',NULL),
('R5044','2025-09-13','2025-09-17','2025-09-14','2025-09-14','Reserved','Posted','2025-04-20 01:41:00+00',NULL,'CA','true','false','10','KS','SMERF','EMA','OCC Central Reservations','GROUPBB','1660.00','1840.00','4','166.00','146','TechSummit',NULL),
('R5044','2025-09-13','2025-09-17','2025-09-15','2025-09-15','Reserved','Posted','2025-04-20 01:41:00+00',NULL,'CA','true','false','10','KS','SMERF','EMA','OCC Central Reservations','GROUPBB','1660.00','1840.00','4','166.00','146','TechSummit',NULL),
('R5044','2025-09-13','2025-09-17','2025-09-16','2025-09-16','Reserved','Posted','2025-04-20 01:41:00+00',NULL,'CA','true','false','10','KS','SMERF','EMA','OCC Central Reservations','GROUPBB','1660.00','1840.00','4','166.00','146','TechSummit',NULL),
('R5045','2025-07-19','2025-07-23','2025-07-19','2025-07-19','Reserved','Posted','2025-04-18 01:48:00+00',NULL,'GB','true','false','7','KS','SMERF','EMA','OCC Central Reservations','GROUPBB','1183.00','1309.00','4','169.00','92','Community Choir',NULL),
('R5045','2025-07-19','2025-07-23','2025-07-20','2025-07-20','Reserved','Posted','2025-04-18 01:48:00+00',NULL,'GB','true','false','7','KS','SMERF','EMA','OCC Central Reservations','GROUPBB','1183.00','1309.00','4','169.00','92','Community Choir',NULL),
('R5045','2025-07-19','2025-07-23','2025-07-21','2025-07-21','Reserved','Posted','2025-04-18 01:48:00+00',NULL,'GB','true','false','7','KS','SMERF','EMA','OCC Central Reservations','GROUPBB','1183.00','1309.00','4','169.00','92','Community Choir',NULL),
('R5045','2025-07-19','2025-07-23','2025-07-22','2025-07-22','Reserved','Posted','2025-04-18 01:48:00+00',NULL,'GB','true','false','7','KS','SMERF','EMA','OCC Central Reservations','GROUPBB','1183.00','1309.00','4','169.00','92','Community Choir',NULL),
('R5046','2025-06-09','2025-06-10','2025-06-09','2025-06-09','Reserved','Posted','2025-03-10 19:32:00+00',NULL,'DE','false','false','1','KS','OTA','WEB','Expedia','BOOKPROM','173.00','173.00','1','173.00','91',NULL,NULL),
('R5047','2025-07-21','2025-07-24','2025-07-21','2025-07-21','Reserved','Posted','2025-03-16 02:38:00+00',NULL,'FR','false','false','2','KS','BAR','REC','Brand website','DLY1','442.00','442.00','3','221.00','127',NULL,NULL),
('R5047','2025-07-21','2025-07-24','2025-07-22','2025-07-22','Reserved','Posted','2025-03-16 02:38:00+00',NULL,'FR','false','false','2','KS','BAR','REC','Brand website','DLY1','442.00','442.00','3','221.00','127',NULL,NULL),
('R5047','2025-07-21','2025-07-24','2025-07-23','2025-07-23','Reserved','Posted','2025-03-16 02:38:00+00',NULL,'FR','false','false','2','KS','BAR','REC','Brand website','DLY1','442.00','442.00','3','221.00','127',NULL,NULL),
('R5048','2025-06-22','2025-06-23','2025-06-22','2025-06-22','Reserved','Posted','2025-03-22 07:03:00+00',NULL,'US','false','false','1','TB','OTA','WEB','Booking.com','EXPP','158.00','158.00','1','158.00','92',NULL,NULL),
('R5049','2025-08-20','2025-08-23','2025-08-20','2025-08-20','Reserved','Posted','2025-03-29 04:42:00+00',NULL,'NL','false','false','1','KS','OTA','WEB','Expedia','EXPBARH','176.00','176.00','3','176.00','144',NULL,NULL),
('R5049','2025-08-20','2025-08-23','2025-08-21','2025-08-21','Reserved','Posted','2025-03-29 04:42:00+00',NULL,'NL','false','false','1','KS','OTA','WEB','Expedia','EXPBARH','176.00','176.00','3','176.00','144',NULL,NULL),
('R5049','2025-08-20','2025-08-23','2025-08-22','2025-08-22','Reserved','Posted','2025-03-29 04:42:00+00',NULL,'NL','false','false','1','KS','OTA','WEB','Expedia','EXPBARH','176.00','176.00','3','176.00','144',NULL,NULL),
('R5050','2025-07-10','2025-07-13','2025-07-10','2025-07-10','Reserved','Posted','2025-03-18 08:42:00+00',NULL,'DE','false','false','1','TB','CNR','REC','Brand website','GOORO','182.00','182.00','3','182.00','114','Acme Consulting','TravelHub'),
('R5050','2025-07-10','2025-07-13','2025-07-11','2025-07-11','Reserved','Posted','2025-03-18 08:42:00+00',NULL,'DE','false','false','1','TB','CNR','REC','Brand website','GOORO','182.00','182.00','3','182.00','114','Acme Consulting','TravelHub'),
('R5050','2025-07-10','2025-07-13','2025-07-12','2025-07-12','Reserved','Posted','2025-03-18 08:42:00+00',NULL,'DE','false','false','1','TB','CNR','REC','Brand website','GOORO','182.00','182.00','3','182.00','114','Acme Consulting','TravelHub'),
('R5051','2025-07-01','2025-07-04','2025-07-01','2025-07-01','Reserved','Posted','2025-02-28 10:54:00+00',NULL,'CA','false','false','1','KS','OTA','WEB','Booking.com','BOOKPROM','159.00','159.00','3','159.00','123',NULL,NULL),
('R5051','2025-07-01','2025-07-04','2025-07-02','2025-07-02','Reserved','Posted','2025-02-28 10:54:00+00',NULL,'CA','false','false','1','KS','OTA','WEB','Booking.com','BOOKPROM','159.00','159.00','3','159.00','123',NULL,NULL),
('R5051','2025-07-01','2025-07-04','2025-07-03','2025-07-03','Reserved','Posted','2025-02-28 10:54:00+00',NULL,'CA','false','false','1','KS','OTA','WEB','Booking.com','BOOKPROM','159.00','159.00','3','159.00','123',NULL,NULL),
('R5052','2025-06-14','2025-06-17','2025-06-14','2025-06-14','Reserved','Posted','2025-04-13 09:11:00+00',NULL,'DE','false','false','1','KS','PROM','REC','Members Rate booking','OCHEARLY','187.00','187.00','3','187.00','62',NULL,NULL),
('R5052','2025-06-14','2025-06-17','2025-06-15','2025-06-15','Reserved','Posted','2025-04-13 09:11:00+00',NULL,'DE','false','false','1','KS','PROM','REC','Members Rate booking','OCHEARLY','187.00','187.00','3','187.00','62',NULL,NULL),
('R5052','2025-06-14','2025-06-17','2025-06-16','2025-06-16','Reserved','Posted','2025-04-13 09:11:00+00',NULL,'DE','false','false','1','KS','PROM','REC','Members Rate booking','OCHEARLY','187.00','187.00','3','187.00','62',NULL,NULL),
('R5053','2025-06-06','2025-06-09','2025-06-06','2025-06-06','Reserved','Posted','2025-03-27 19:41:00+00',NULL,'US','true','false','8','EX','CGR','EMA','OCC Central Reservations','GROUPBB','1768.00','1912.00','3','221.00','71','TechSummit',NULL),
('R5053','2025-06-06','2025-06-09','2025-06-07','2025-06-07','Reserved','Posted','2025-03-27 19:41:00+00',NULL,'US','true','false','8','EX','CGR','EMA','OCC Central Reservations','GROUPBB','1768.00','1912.00','3','221.00','71','TechSummit',NULL),
('R5053','2025-06-06','2025-06-09','2025-06-08','2025-06-08','Reserved','Posted','2025-03-27 19:41:00+00',NULL,'US','true','false','8','EX','CGR','EMA','OCC Central Reservations','GROUPBB','1768.00','1912.00','3','221.00','71','TechSummit',NULL),
('R5054','2025-06-20','2025-06-22','2025-06-20','2025-06-20','Reserved','Posted','2025-05-16 09:23:00+00',NULL,'FR','false','false','1','TB','BAR','REC','Brand website','DLYBB','188.00','206.00','2','188.00','35',NULL,NULL),
('R5054','2025-06-20','2025-06-22','2025-06-21','2025-06-21','Reserved','Posted','2025-05-16 09:23:00+00',NULL,'FR','false','false','1','TB','BAR','REC','Brand website','DLYBB','188.00','206.00','2','188.00','35',NULL,NULL),
('R5055','2025-09-18','2025-09-21','2025-09-18','2025-09-18','Reserved','Posted','2025-04-21 15:33:00+00',NULL,'DE','false','false','1','KS','OTA','WEB','Expedia','BOOKBAR','176.00','176.00','3','176.00','150',NULL,NULL),
('R5055','2025-09-18','2025-09-21','2025-09-19','2025-09-19','Reserved','Posted','2025-04-21 15:33:00+00',NULL,'DE','false','false','1','KS','OTA','WEB','Expedia','BOOKBAR','176.00','176.00','3','176.00','150',NULL,NULL),
('R5055','2025-09-18','2025-09-21','2025-09-20','2025-09-20','Reserved','Posted','2025-04-21 15:33:00+00',NULL,'DE','false','false','1','KS','OTA','WEB','Expedia','BOOKBAR','176.00','176.00','3','176.00','150',NULL,NULL),
('R5056','2025-07-13','2025-07-15','2025-07-13','2025-07-13','Reserved','Posted','2025-05-25 11:33:00+00',NULL,'US','false','false','1','TB','OTA','WEB','Expedia','BOOKPROM','166.00','166.00','2','166.00','49',NULL,NULL),
('R5056','2025-07-13','2025-07-15','2025-07-14','2025-07-14','Reserved','Posted','2025-05-25 11:33:00+00',NULL,'US','false','false','1','TB','OTA','WEB','Expedia','BOOKPROM','166.00','166.00','2','166.00','49',NULL,NULL),
('R5057','2025-10-13','2025-10-14','2025-10-13','2025-10-13','Reserved','Posted','2025-05-26 02:38:00+00',NULL,'DE','false','false','2','TB','OTA','WEB','Expedia','BOOKBARB','326.00','326.00','1','163.00','140',NULL,NULL),
('R5058','2025-09-22','2025-09-23','2025-09-22','2025-09-22','Reserved','Posted','2025-05-19 07:03:00+00',NULL,'FR','false','false','1','TB','OTA','WEB','Booking.com','EXPBARB','160.00','160.00','1','160.00','126',NULL,NULL),
('R5059','2025-09-20','2025-09-21','2025-09-20','2025-09-20','Reserved','Posted','2025-04-23 19:07:00+00',NULL,'GB','false','false','1','EX','CNR','REC','Brand website','GOORO','255.00','255.00','1','255.00','150','Vertex Systems',NULL),
('R5060','2025-07-30','2025-08-02','2025-07-30','2025-07-30','Reserved','Posted','2025-04-09 03:17:00+00',NULL,'US','false','false','1','EX','OTA','WEB','Booking.com','EXPBARB','263.00','263.00','3','263.00','112',NULL,NULL),
('R5060','2025-07-30','2025-08-02','2025-07-31','2025-07-31','Reserved','Posted','2025-04-09 03:17:00+00',NULL,'US','false','false','1','EX','OTA','WEB','Booking.com','EXPBARB','263.00','263.00','3','263.00','112',NULL,NULL),
('R5060','2025-07-30','2025-08-02','2025-08-01','2025-08-01','Reserved','Posted','2025-04-09 03:17:00+00',NULL,'US','false','false','1','EX','OTA','WEB','Booking.com','EXPBARB','263.00','263.00','3','263.00','112',NULL,NULL),
('R5061','2025-06-27','2025-06-29','2025-06-27','2025-06-27','Reserved','Posted','2025-03-18 16:12:00+00',NULL,'FR','false','false','1','TB','OTA','WEB','Expedia','BOOKPROM','155.00','155.00','2','155.00','101',NULL,NULL),
('R5061','2025-06-27','2025-06-29','2025-06-28','2025-06-28','Reserved','Posted','2025-03-18 16:12:00+00',NULL,'FR','false','false','1','TB','OTA','WEB','Expedia','BOOKPROM','155.00','155.00','2','155.00','101',NULL,NULL),
('R5062','2025-07-15','2025-07-18','2025-07-15','2025-07-15','Reserved','Posted','2025-05-27 06:31:00+00',NULL,'ES','false','false','1','KS','CSR','REC','Brand website','CORP10BB','205.00','223.00','3','205.00','49','Barclays',NULL),
('R5062','2025-07-15','2025-07-18','2025-07-16','2025-07-16','Reserved','Posted','2025-05-27 06:31:00+00',NULL,'ES','false','false','1','KS','CSR','REC','Brand website','CORP10BB','205.00','223.00','3','205.00','49','Barclays',NULL),
('R5062','2025-07-15','2025-07-18','2025-07-17','2025-07-17','Reserved','Posted','2025-05-27 06:31:00+00',NULL,'ES','false','false','1','KS','CSR','REC','Brand website','CORP10BB','205.00','223.00','3','205.00','49','Barclays',NULL),
('R5063','2025-09-28','2025-09-30','2025-09-28','2025-09-28','Reserved','Posted','2025-05-01 22:05:00+00',NULL,'FR','false','false','1','KS','BAR','WEB','Sabre','DLYBB','203.00','221.00','2','203.00','150',NULL,NULL),
('R5063','2025-09-28','2025-09-30','2025-09-29','2025-09-29','Reserved','Posted','2025-05-01 22:05:00+00',NULL,'FR','false','false','1','KS','BAR','WEB','Sabre','DLYBB','203.00','221.00','2','203.00','150',NULL,NULL),
('R5064','2025-09-10','2025-09-12','2025-09-10','2025-09-10','Reserved','Posted','2025-04-16 02:18:00+00',NULL,'US','false','false','1','TB','OTA','WEB','Expedia','EXPBARH','169.00','169.00','2','169.00','147',NULL,NULL),
('R5064','2025-09-10','2025-09-12','2025-09-11','2025-09-11','Reserved','Posted','2025-04-16 02:18:00+00',NULL,'US','false','false','1','TB','OTA','WEB','Expedia','EXPBARH','169.00','169.00','2','169.00','147',NULL,NULL),
('R5065','2025-09-02','2025-09-03','2025-09-02','2025-09-02','Reserved','Posted','2025-04-05 18:07:00+00',NULL,'GB','false','false','1','KS','OTA','WEB','Booking.com','BOOKBAR','170.00','170.00','1','170.00','150',NULL,NULL),
('R5066','2025-09-18','2025-09-19','2025-09-18','2025-09-18','Reserved','Posted','2025-04-21 18:17:00+00',NULL,'FR','false','false','1','KS','CSR','EMA','OCC Central Reservations','CORP10BB','193.00','211.00','1','193.00','150','Vertex Systems','TravelHub'),
('R5067','2025-07-21','2025-07-23','2025-07-21','2025-07-21','Reserved','Posted','2025-03-01 21:11:00+00',NULL,'GB','false','false','2','TB','OTA','WEB','Booking.com','EXPP','344.00','344.00','2','172.00','142',NULL,NULL),
('R5067','2025-07-21','2025-07-23','2025-07-22','2025-07-22','Reserved','Posted','2025-03-01 21:11:00+00',NULL,'GB','false','false','2','TB','OTA','WEB','Booking.com','EXPP','344.00','344.00','2','172.00','142',NULL,NULL),
('R5068','2025-07-29','2025-07-30','2025-07-29','2025-07-29','Reserved','Posted','2025-04-04 15:35:00+00',NULL,'NL','false','false','1','TB','OTA','WEB','Booking.com','EXPP','178.00','178.00','1','178.00','116',NULL,NULL),
('R5069','2025-08-02','2025-08-03','2025-08-02','2025-08-02','Reserved','Posted','2025-04-08 10:41:00+00',NULL,'IE','false','false','1','KS','OTA','WEB','Expedia','EXPP','182.00','182.00','1','182.00','116',NULL,NULL),
('R5070','2025-06-08','2025-06-10','2025-06-08','2025-06-08','Reserved','Posted','2025-03-03 11:17:00+00',NULL,'CA','false','false','1','KS','OTA','WEB','Expedia','BOOKPROM','167.00','167.00','2','167.00','97',NULL,NULL),
('R5070','2025-06-08','2025-06-10','2025-06-09','2025-06-09','Reserved','Posted','2025-03-03 11:17:00+00',NULL,'CA','false','false','1','KS','OTA','WEB','Expedia','BOOKPROM','167.00','167.00','2','167.00','97',NULL,NULL),
('R5071','2025-08-27','2025-08-30','2025-08-27','2025-08-27','Reserved','Posted','2025-04-20 22:20:00+00',NULL,'DE','false','false','1','TB','CNR','EMA','OCC Central Reservations','GOORO','185.00','185.00','3','185.00','129','DraftKings','TravelHub'),
('R5071','2025-08-27','2025-08-30','2025-08-28','2025-08-28','Reserved','Posted','2025-04-20 22:20:00+00',NULL,'DE','false','false','1','TB','CNR','EMA','OCC Central Reservations','GOORO','185.00','185.00','3','185.00','129','DraftKings','TravelHub'),
('R5071','2025-08-27','2025-08-30','2025-08-29','2025-08-29','Reserved','Posted','2025-04-20 22:20:00+00',NULL,'DE','false','false','1','TB','CNR','EMA','OCC Central Reservations','GOORO','185.00','185.00','3','185.00','129','DraftKings','TravelHub'),
('R5072','2025-08-12','2025-08-13','2025-08-12','2025-08-12','Reserved','Posted','2025-04-16 11:24:00+00',NULL,'FR','false','false','1','TB','OTA','WEB','Booking.com','BOOKBARB','154.00','154.00','1','154.00','118',NULL,NULL),
('R5073','2025-07-01','2025-07-04','2025-07-01','2025-07-01','Reserved','Posted','2025-05-27 05:01:00+00',NULL,'DE','false','false','1','KS','FIT','REC','Brand website','FITBB','200.00','218.00','3','200.00','35',NULL,NULL),
('R5073','2025-07-01','2025-07-04','2025-07-02','2025-07-02','Reserved','Posted','2025-05-27 05:01:00+00',NULL,'DE','false','false','1','KS','FIT','REC','Brand website','FITBB','200.00','218.00','3','200.00','35',NULL,NULL),
('R5073','2025-07-01','2025-07-04','2025-07-03','2025-07-03','Reserved','Posted','2025-05-27 05:01:00+00',NULL,'DE','false','false','1','KS','FIT','REC','Brand website','FITBB','200.00','218.00','3','200.00','35',NULL,NULL),
('R5074','2025-09-20','2025-09-21','2025-09-20','2025-09-20','Reserved','Posted','2025-04-23 10:29:00+00',NULL,'ES','false','false','1','KS','CNR','REC','Brand website','GOORO','201.00','201.00','1','201.00','150','Acme Consulting','TravelHub'),
('R5075','2025-09-23','2025-09-24','2025-09-23','2025-09-23','Reserved','Posted','2025-05-09 08:33:00+00',NULL,'US','false','false','1','KS','CNR','REC','Brand website','GOORO','192.00','192.00','1','192.00','137','Acme Consulting','TravelHub'),
('R5076','2025-06-19','2025-06-21','2025-06-19','2025-06-19','Reserved','Posted','2025-02-22 08:42:00+00',NULL,'NL','false','false','1','EX','OTA','WEB','Expedia','BOOKBAR','234.00','234.00','2','234.00','117',NULL,NULL),
('R5076','2025-06-19','2025-06-21','2025-06-20','2025-06-20','Reserved','Posted','2025-02-22 08:42:00+00',NULL,'NL','false','false','1','EX','OTA','WEB','Expedia','BOOKBAR','234.00','234.00','2','234.00','117',NULL,NULL),
('R5077','2025-07-04','2025-07-06','2025-07-04','2025-07-04','Reserved','Posted','2025-02-15 13:48:00+00',NULL,'ES','false','false','1','TB','PROM','REC','Members Rate booking','OCHPERKRO','154.00','154.00','2','154.00','139',NULL,NULL),
('R5077','2025-07-04','2025-07-06','2025-07-05','2025-07-05','Reserved','Posted','2025-02-15 13:48:00+00',NULL,'ES','false','false','1','TB','PROM','REC','Members Rate booking','OCHPERKRO','154.00','154.00','2','154.00','139',NULL,NULL),
('R5078','2025-07-19','2025-07-22','2025-07-19','2025-07-19','Reserved','Posted','2025-03-31 06:08:00+00',NULL,'NL','false','false','1','KS','CSR','EMA','OCC Central Reservations','CORP10BB','193.00','211.00','3','193.00','110','DraftKings',NULL),
('R5078','2025-07-19','2025-07-22','2025-07-20','2025-07-20','Reserved','Posted','2025-03-31 06:08:00+00',NULL,'NL','false','false','1','KS','CSR','EMA','OCC Central Reservations','CORP10BB','193.00','211.00','3','193.00','110','DraftKings',NULL),
('R5078','2025-07-19','2025-07-22','2025-07-21','2025-07-21','Reserved','Posted','2025-03-31 06:08:00+00',NULL,'NL','false','false','1','KS','CSR','EMA','OCC Central Reservations','CORP10BB','193.00','211.00','3','193.00','110','DraftKings',NULL),
('R5079','2025-08-13','2025-08-14','2025-08-13','2025-08-13','Reserved','Posted','2025-03-31 11:26:00+00',NULL,'NL','false','false','1','KS','OTA','WEB','Booking.com','BOOKPROM','185.00','185.00','1','185.00','135',NULL,NULL),
('R5080','2025-07-16','2025-07-18','2025-07-16','2025-07-16','Reserved','Posted','2025-03-14 07:44:00+00',NULL,'NL','false','false','1','KS','PROM','WEB','Sabre','OCHPERKRO','190.00','190.00','2','190.00','124',NULL,NULL),
('R5080','2025-07-16','2025-07-18','2025-07-17','2025-07-17','Reserved','Posted','2025-03-14 07:44:00+00',NULL,'NL','false','false','1','KS','PROM','WEB','Sabre','OCHPERKRO','190.00','190.00','2','190.00','124',NULL,NULL),
('R5081','2025-09-09','2025-09-12','2025-09-09','2025-09-09','Reserved','Posted','2025-06-04 14:32:00+00',NULL,'DE','false','false','1','KS','PROM','WEB','Sabre','OCHPERKRO','175.00','175.00','3','175.00','97',NULL,NULL),
('R5081','2025-09-09','2025-09-12','2025-09-10','2025-09-10','Reserved','Posted','2025-06-04 14:32:00+00',NULL,'DE','false','false','1','KS','PROM','WEB','Sabre','OCHPERKRO','175.00','175.00','3','175.00','97',NULL,NULL),
('R5081','2025-09-09','2025-09-12','2025-09-11','2025-09-11','Reserved','Posted','2025-06-04 14:32:00+00',NULL,'DE','false','false','1','KS','PROM','WEB','Sabre','OCHPERKRO','175.00','175.00','3','175.00','97',NULL,NULL),
('R5082','2025-07-14','2025-07-15','2025-07-14','2025-07-14','Reserved','Posted','2025-03-18 15:14:00+00',NULL,'IE','false','false','1','KS','OTA','WEB','Expedia','EXPBARB','167.00','167.00','1','167.00','118',NULL,NULL),
('R5083','2025-08-12','2025-08-15','2025-08-12','2025-08-12','Reserved','Posted','2025-03-15 01:57:00+00',NULL,'DE','true','false','7','KS','SMERF','EMA','OCC Central Reservations','GROUPBB','1225.00','1351.00','3','175.00','150','Legal Partners LLP',NULL),
('R5083','2025-08-12','2025-08-15','2025-08-13','2025-08-13','Reserved','Posted','2025-03-15 01:57:00+00',NULL,'DE','true','false','7','KS','SMERF','EMA','OCC Central Reservations','GROUPBB','1225.00','1351.00','3','175.00','150','Legal Partners LLP',NULL),
('R5083','2025-08-12','2025-08-15','2025-08-14','2025-08-14','Reserved','Posted','2025-03-15 01:57:00+00',NULL,'DE','true','false','7','KS','SMERF','EMA','OCC Central Reservations','GROUPBB','1225.00','1351.00','3','175.00','150','Legal Partners LLP',NULL),
('R5084','2025-06-22','2025-06-24','2025-06-22','2025-06-22','Reserved','Posted','2025-03-16 00:11:00+00',NULL,'NL','false','false','1','EX','OTA','WEB','Expedia','EXPBARB','237.00','237.00','2','237.00','98',NULL,NULL),
('R5084','2025-06-22','2025-06-24','2025-06-23','2025-06-23','Reserved','Posted','2025-03-16 00:11:00+00',NULL,'NL','false','false','1','EX','OTA','WEB','Expedia','EXPBARB','237.00','237.00','2','237.00','98',NULL,NULL),
('R5085','2025-09-20','2025-09-21','2025-09-20','2025-09-20','Reserved','Posted','2025-04-23 10:18:00+00',NULL,'ES','false','false','1','KS','BAR','REC','Brand website','DLY1','206.00','206.00','1','206.00','150',NULL,NULL),
('R5086','2025-10-10','2025-10-13','2025-10-10','2025-10-10','Reserved','Posted','2025-05-13 20:01:00+00',NULL,'GB','false','false','1','KS','CSR','EMA','OCC Central Reservations','BARCBB','202.00','220.00','3','202.00','150','Vertex Systems',NULL),
('R5086','2025-10-10','2025-10-13','2025-10-11','2025-10-11','Reserved','Posted','2025-05-13 20:01:00+00',NULL,'GB','false','false','1','KS','CSR','EMA','OCC Central Reservations','BARCBB','202.00','220.00','3','202.00','150','Vertex Systems',NULL),
('R5086','2025-10-10','2025-10-13','2025-10-12','2025-10-12','Reserved','Posted','2025-05-13 20:01:00+00',NULL,'GB','false','false','1','KS','CSR','EMA','OCC Central Reservations','BARCBB','202.00','220.00','3','202.00','150','Vertex Systems',NULL),
('R5087','2025-08-07','2025-08-08','2025-08-07','2025-08-07','Cancelled','Posted','2025-05-09 06:32:00+00','2025-06-03 12:00:00+00','CA','false','false','1','TB','FIT','REC','Brand website','FITBB','195.00','213.00','1','195.00','90',NULL,NULL),
('R5088','2025-08-31','2025-09-02','2025-08-31','2025-08-31','Reserved','Posted','2025-05-02 06:14:00+00',NULL,'CA','false','false','1','KS','PROM','REC','Brand website','OCHPERKRO','175.00','175.00','2','175.00','121',NULL,NULL),
('R5088','2025-08-31','2025-09-02','2025-09-01','2025-09-01','Reserved','Posted','2025-05-02 06:14:00+00',NULL,'CA','false','false','1','KS','PROM','REC','Brand website','OCHPERKRO','175.00','175.00','2','175.00','121',NULL,NULL),
('R5089','2025-07-19','2025-07-20','2025-07-19','2025-07-19','Reserved','Posted','2025-05-16 00:36:00+00',NULL,'US','false','false','1','TB','PROM','REC','Brand website','OCHPERKRO','165.00','165.00','1','165.00','64',NULL,NULL),
('R5090','2025-08-14','2025-08-16','2025-08-14','2025-08-14','Reserved','Posted','2025-04-28 18:46:00+00',NULL,'ES','false','false','1','TB','OTA','WEB','Booking.com','BOOKPROM','163.00','163.00','2','163.00','108',NULL,NULL),
('R5090','2025-08-14','2025-08-16','2025-08-15','2025-08-15','Reserved','Posted','2025-04-28 18:46:00+00',NULL,'ES','false','false','1','TB','OTA','WEB','Booking.com','BOOKPROM','163.00','163.00','2','163.00','108',NULL,NULL),
('R5091','2025-08-13','2025-08-15','2025-08-13','2025-08-13','Cancelled','Posted','2025-04-15 02:12:00+00','2025-05-16 12:00:00+00','IE','false','false','1','KS','OTA','WEB','Booking.com','BOOKPROM','179.00','179.00','2','179.00','120',NULL,NULL),
('R5091','2025-08-13','2025-08-15','2025-08-14','2025-08-14','Cancelled','Posted','2025-04-15 02:12:00+00','2025-05-16 12:00:00+00','IE','false','false','1','KS','OTA','WEB','Booking.com','BOOKPROM','179.00','179.00','2','179.00','120',NULL,NULL),
('R5092','2025-09-04','2025-09-05','2025-09-04','2025-09-04','Reserved','Posted','2025-04-07 05:58:00+00',NULL,'DE','false','false','1','EX','CSR','EMA','OCC Central Reservations','CORP10BB','253.00','271.00','1','253.00','150','Barclays',NULL),
('R5093','2025-07-28','2025-07-31','2025-07-28','2025-07-28','Reserved','Posted','2025-04-30 07:33:00+00',NULL,'NL','false','false','1','TB','OTA','WEB','Booking.com','EXPBARH','172.00','172.00','3','172.00','89',NULL,NULL),
('R5093','2025-07-28','2025-07-31','2025-07-29','2025-07-29','Reserved','Posted','2025-04-30 07:33:00+00',NULL,'NL','false','false','1','TB','OTA','WEB','Booking.com','EXPBARH','172.00','172.00','3','172.00','89',NULL,NULL),
('R5093','2025-07-28','2025-07-31','2025-07-30','2025-07-30','Reserved','Posted','2025-04-30 07:33:00+00',NULL,'NL','false','false','1','TB','OTA','WEB','Booking.com','EXPBARH','172.00','172.00','3','172.00','89',NULL,NULL),
('R5094','2025-09-10','2025-09-12','2025-09-10','2025-09-10','Reserved','Posted','2025-04-13 17:58:00+00',NULL,'IE','false','false','1','TB','OTA','WEB','Booking.com','BOOKPROM','154.00','154.00','2','154.00','150',NULL,NULL),
('R5094','2025-09-10','2025-09-12','2025-09-11','2025-09-11','Reserved','Posted','2025-04-13 17:58:00+00',NULL,'IE','false','false','1','TB','OTA','WEB','Booking.com','BOOKPROM','154.00','154.00','2','154.00','150',NULL,NULL),
('R5095','2025-09-12','2025-09-16','2025-09-12','2025-09-12','Reserved','Posted','2025-04-15 15:12:00+00',NULL,'DE','true','false','10','TB','SMERF','EMA','OCC Central Reservations','GROUPBB','1500.00','1680.00','4','150.00','150','Legal Partners LLP',NULL),
('R5095','2025-09-12','2025-09-16','2025-09-13','2025-09-13','Reserved','Posted','2025-04-15 15:12:00+00',NULL,'DE','true','false','10','TB','SMERF','EMA','OCC Central Reservations','GROUPBB','1500.00','1680.00','4','150.00','150','Legal Partners LLP',NULL),
('R5095','2025-09-12','2025-09-16','2025-09-14','2025-09-14','Reserved','Posted','2025-04-15 15:12:00+00',NULL,'DE','true','false','10','TB','SMERF','EMA','OCC Central Reservations','GROUPBB','1500.00','1680.00','4','150.00','150','Legal Partners LLP',NULL),
('R5095','2025-09-12','2025-09-16','2025-09-15','2025-09-15','Reserved','Posted','2025-04-15 15:12:00+00',NULL,'DE','true','false','10','TB','SMERF','EMA','OCC Central Reservations','GROUPBB','1500.00','1680.00','4','150.00','150','Legal Partners LLP',NULL),
('R5096','2025-07-05','2025-07-09','2025-07-05','2025-07-05','Reserved','Posted','2025-02-05 17:53:00+00',NULL,'DE','true','false','7','TB','CNI','EMA','OCC Central Reservations','GROUPBB','1099.00','1225.00','4','157.00','150','Dublin Design Week',NULL),
('R5096','2025-07-05','2025-07-09','2025-07-06','2025-07-06','Reserved','Posted','2025-02-05 17:53:00+00',NULL,'DE','true','false','7','TB','CNI','EMA','OCC Central Reservations','GROUPBB','1099.00','1225.00','4','157.00','150','Dublin Design Week',NULL),
('R5096','2025-07-05','2025-07-09','2025-07-07','2025-07-07','Reserved','Posted','2025-02-05 17:53:00+00',NULL,'DE','true','false','7','TB','CNI','EMA','OCC Central Reservations','GROUPBB','1099.00','1225.00','4','157.00','150','Dublin Design Week',NULL),
('R5096','2025-07-05','2025-07-09','2025-07-08','2025-07-08','Reserved','Posted','2025-02-05 17:53:00+00',NULL,'DE','true','false','7','TB','CNI','EMA','OCC Central Reservations','GROUPBB','1099.00','1225.00','4','157.00','150','Dublin Design Week',NULL),
('R5097','2025-07-31','2025-08-04','2025-07-31','2025-07-31','Reserved','Posted','2025-03-03 07:28:00+00',NULL,'FR','true','false','8','KS','CNI','EMA','OCC Central Reservations','GROUPBB','1568.00','1712.00','4','196.00','150','Community Choir',NULL),
('R5097','2025-07-31','2025-08-04','2025-08-01','2025-08-01','Reserved','Posted','2025-03-03 07:28:00+00',NULL,'FR','true','false','8','KS','CNI','EMA','OCC Central Reservations','GROUPBB','1568.00','1712.00','4','196.00','150','Community Choir',NULL),
('R5097','2025-07-31','2025-08-04','2025-08-02','2025-08-02','Reserved','Posted','2025-03-03 07:28:00+00',NULL,'FR','true','false','8','KS','CNI','EMA','OCC Central Reservations','GROUPBB','1568.00','1712.00','4','196.00','150','Community Choir',NULL),
('R5097','2025-07-31','2025-08-04','2025-08-03','2025-08-03','Reserved','Posted','2025-03-03 07:28:00+00',NULL,'FR','true','false','8','KS','CNI','EMA','OCC Central Reservations','GROUPBB','1568.00','1712.00','4','196.00','150','Community Choir',NULL),
('R5098','2025-06-13','2025-06-15','2025-06-13','2025-06-13','Reserved','Posted','2025-04-17 20:25:00+00',NULL,'IE','true','false','11','KS','SMERF','EMA','OCC Central Reservations','GROUPBB','1892.00','2090.00','2','172.00','57','TechSummit',NULL),
('R5098','2025-06-13','2025-06-15','2025-06-14','2025-06-14','Reserved','Posted','2025-04-17 20:25:00+00',NULL,'IE','true','false','11','KS','SMERF','EMA','OCC Central Reservations','GROUPBB','1892.00','2090.00','2','172.00','57','TechSummit',NULL),
('R5099','2025-06-30','2025-07-02','2025-06-30','2025-06-30','Reserved','Posted','2025-05-11 09:53:00+00',NULL,'NL','false','false','1','TB','BAR','WEB','Sabre','DLY1','194.00','194.00','2','194.00','50',NULL,NULL),
('R5099','2025-06-30','2025-07-02','2025-07-01','2025-07-01','Reserved','Posted','2025-05-11 09:53:00+00',NULL,'NL','false','false','1','TB','BAR','WEB','Sabre','DLY1','194.00','194.00','2','194.00','50',NULL,NULL),
('R5100','2025-10-02','2025-10-03','2025-10-02','2025-10-02','Reserved','Posted','2025-05-05 18:52:00+00',NULL,'NL','false','true','1','KS','CNR','WAL','Walk-in','GOORO','195.00','195.00','1','195.00','150','Acme Consulting',NULL),
('RES-EDGE-001','2025-08-31','2025-09-01','2025-08-31','2025-09-01','Reserved','Posted','2025-08-01 00:00:00+00',NULL,'IE','false','false','1','KS','BAR','REC','Brand website','DLY1','185.00','203.00','1','185.00','30',NULL,NULL),
('RES-EDGE-002','2025-09-30','2025-10-01','2025-09-30','2025-10-01','Reserved','Posted','2025-08-31 00:00:00+00',NULL,'IE','false','false','1','KS','BAR','REC','Brand website','DLY1','185.00','203.00','1','185.00','30',NULL,NULL),
('RES-EDGE-003','2025-07-15','2025-07-16','2025-07-15','2025-07-14','Reserved','Posted','2025-06-15 00:00:00+00',NULL,'IE','false','false','1','KS','BAR','REC','Brand website','DLY1','185.00','203.00','1','185.00','30',NULL,NULL),
('RES-ZEPHYR-7F3A','2025-09-14','2025-09-17','2025-09-14','2025-09-14','Reserved','Posted','2025-05-02 09:15:00+00',NULL,'GB','false','false','2','KS','CSR','REC','OCC Central Reservations','ZEPHYR-CORP-25','420.00','468.00','3','210.00','135','Zephyr Dynamics Ltd',NULL),
('RES-ZEPHYR-7F3A','2025-09-14','2025-09-17','2025-09-15','2025-09-15','Reserved','Posted','2025-05-02 09:15:00+00',NULL,'GB','false','false','2','KS','CSR','REC','OCC Central Reservations','ZEPHYR-CORP-25','420.00','468.00','3','210.00','135','Zephyr Dynamics Ltd',NULL),
('RES-ZEPHYR-7F3A','2025-09-14','2025-09-17','2025-09-16','2025-09-16','Reserved','Posted','2025-05-02 09:15:00+00',NULL,'GB','false','false','2','KS','CSR','REC','OCC Central Reservations','ZEPHYR-CORP-25','420.00','468.00','3','210.00','135','Zephyr Dynamics Ltd',NULL);

-- ============================== 3. VIEWS ==============================
-- Semantic views for Phase 2. The five required tools read from THESE, never
-- from reservations_hackathon directly. Apply after every load:
--   docker compose exec -T postgres psql -U hackathon -d hotel_hackathon -f - < sql/views.sql
--
-- NOTE (Option D): the rate_plan FK on reservations_hackathon is intentionally
-- relaxed at load time (etl/load.py) because the live data uses more granular
-- commercial rate codes than the 8-row rate_plan_lookup, and the dataset
-- changelog says the commercial code IS rate_plan_code. No tool reads
-- rate_plan_code, so this does not affect any view below. See ARCHITECTURE.md.

-- Default on-the-books universe: Posted + non-cancelled, stay-night grain.
create or replace view public.vw_stay_night_base as
select
  r.*
from public.reservations_hackathon r
where r.reservation_status <> 'Cancelled'
  and r.financial_status = 'Posted';

-- Posted rows INCLUDING cancelled (provisional still excluded). Backs the
-- non-default paths the contract requires but vw_stay_night_base cannot serve:
-- get_otb_summary(exclude_cancelled=False) and get_as_of_otb (which must see
-- cancelled rows to evaluate cancellation_datetime > as_of). Tools still read a
-- view, never reservations_hackathon directly.
create or replace view public.vw_stay_night_posted as
select
  r.*
from public.reservations_hackathon r
where r.financial_status = 'Posted';

-- Segment view: base + market_name + stay-date-effective macro_group.
-- macro_group is effective-dated (e.g. PROM: Retail -> Leisure Group at
-- 2025-06-01), so we resolve it against market_macro_group_history on stay_date
-- and fall back to the static lookup only when no history row matches.
create or replace view public.vw_segment_stay_night as
select
  b.*,
  coalesce(h.macro_group, m.macro_group) as effective_macro_group,
  m.market_name
from public.vw_stay_night_base b
join public.market_code_lookup m on m.market_code = b.market_code
left join lateral (
  select h.macro_group
  from public.market_macro_group_history h
  where h.market_code = b.market_code
    and b.stay_date >= h.valid_from
    and (h.valid_to is null or b.stay_date < h.valid_to)
  order by h.valid_from desc
  limit 1
) h on true;

-- ============================== 4. VERIFY =============================
select count(*) as reservation_rows from public.reservations_hackathon;
select dataset_revision, row_hash from public.load_manifest order by load_id desc limit 1;
