-- Neon bootstrap for the Revenue Manager Agent.
-- Paste into the Neon SQL Editor and Run. Idempotent: re-running truncates + reloads.
-- 1) schema  2) data (truncate-and-reload)  3) views.

-- ============================== 1. SCHEMA ==============================
create table if not exists public.room_type_lookup (
  space_type text primary key,
  room_class text not null,
  display_name text not null,
  number_of_rooms integer not null check (number_of_rooms >= 0)
);

create table if not exists public.rate_plan_lookup (
  rate_plan_code text primary key,
  plan_family text not null,
  is_commissionable boolean not null default false
);

create table if not exists public.market_code_lookup (
  market_code text primary key,
  market_name text not null,
  macro_group text not null,
  description text
);

create table if not exists public.market_macro_group_history (
  market_code text not null references public.market_code_lookup(market_code),
  valid_from date not null,
  valid_to date,
  macro_group text not null,
  primary key (market_code, valid_from),
  check (valid_to is null or valid_to > valid_from)
);

create table if not exists public.channel_code_lookup (
  channel_code text primary key,
  channel_name text not null,
  channel_group text not null
);

create table if not exists public.load_manifest (
  load_id bigint generated always as identity primary key,
  dataset_revision text not null,
  scraped_at timestamptz not null,
  source_url text not null,
  row_hash text not null,
  created_at timestamptz not null default now()
);

create table if not exists public.reservations_hackathon (
  reservation_stay_id bigint generated always as identity primary key,
  reservation_id text not null,
  arrival_date date not null,
  departure_date date not null,
  stay_date date not null,
  property_date date not null,
  reservation_status text not null,
  financial_status text not null default 'Posted'
    check (financial_status in ('Posted', 'Provisional')),
  create_datetime timestamptz not null,
  cancellation_datetime timestamptz,
  guest_country text,
  is_block boolean not null default false,
  is_walk_in boolean not null default false,
  number_of_spaces integer not null check (number_of_spaces > 0),
  space_type text not null references public.room_type_lookup(space_type),
  market_code text not null references public.market_code_lookup(market_code),
  channel_code text not null references public.channel_code_lookup(channel_code),
  source_name text not null,
  rate_plan_code text not null references public.rate_plan_lookup(rate_plan_code),
  daily_room_revenue_before_tax numeric(10,2) not null default 0,
  daily_total_revenue_before_tax numeric(10,2) not null default 0,
  nights integer not null check (nights > 0),
  adr_room numeric(10,2) not null check (adr_room >= 0),
  lead_time integer not null check (lead_time >= 0),
  company_name text,
  travel_agent_name text,
  unique (reservation_id, stay_date)
);

create index if not exists idx_res_hackathon_stay_date
  on public.reservations_hackathon(stay_date);
create index if not exists idx_res_hackathon_property_date
  on public.reservations_hackathon(property_date);
create index if not exists idx_res_hackathon_create_datetime
  on public.reservations_hackathon(create_datetime);
create index if not exists idx_res_hackathon_market_code
  on public.reservations_hackathon(market_code);
create index if not exists idx_res_hackathon_channel_code
  on public.reservations_hackathon(channel_code);
create index if not exists idx_res_hackathon_reservation_status
  on public.reservations_hackathon(reservation_status);
create index if not exists idx_res_hackathon_financial_status
  on public.reservations_hackathon(financial_status);
create index if not exists idx_market_macro_history_dates
  on public.market_macro_group_history(market_code, valid_from, valid_to);

-- ============================== 2. DATA ===============================
-- Option D (see etl/load.py): the live data uses more granular selling codes
-- than the 8-row rate_plan_lookup, so this one FK is intentionally relaxed.
alter table public.reservations_hackathon
  drop constraint if exists reservations_hackathon_rate_plan_code_fkey;

truncate table public.reservations_hackathon, public.market_macro_group_history,
  public.load_manifest, public.room_type_lookup, public.rate_plan_lookup,
  public.market_code_lookup, public.channel_code_lookup restart identity cascade;

-- room_type_lookup: 3 rows
insert into public.room_type_lookup (space_type, room_class, display_name, number_of_rooms) values
('KS','Standard','Standard King','52'),
('TB','Standard','Standard Twin','20'),
('EX','Executive','Executive King','26');

-- rate_plan_lookup: 8 rows
insert into public.rate_plan_lookup (rate_plan_code, plan_family, is_commissionable) values
('BOOKBAR','Retail','true'),
('GROUPBB','Group','false'),
('DLY1','Retail','false'),
('FITBB','Retail','true'),
('CORP10BB','Corporate','false'),
('PROMO1','Retail','true'),
('ZEPHYR-CORP-25','Corporate','false'),
('WALKIN','Retail','false');

-- market_code_lookup: 10 rows
insert into public.market_code_lookup (market_code, market_name, macro_group, description) values
('OTA','Online Travel Agency','Retail','Third-party online channels such as Booking.com and Expedia.'),
('BAR','Best Available Retail','Retail','Direct flexible retail business.'),
('PROM','Promotional Retail','Retail','Direct promotional and member-rate retail bookings.'),
('FIT','Free Independent Traveller','Leisure','Independent leisure demand, often direct or contracted.'),
('CSR','Corporate Negotiated','Corporate','Negotiated corporate transient business.'),
('CNR','Corporate Room Nights','Corporate','Corporate transient business via agency or negotiated accounts.'),
('CNI','Conference / Incentive Group','MICE','Group business tied to conferences or incentives.'),
('CGR','Corporate Group','MICE','Corporate group blocks and meetings business.'),
('EVEN','Event Demand','MICE','Demand associated with citywide or hotel-linked events.'),
('SMERF','SMERF Group','Leisure Group','Social, military, educational, religious, fraternal groups.');

-- channel_code_lookup: 4 rows
insert into public.channel_code_lookup (channel_code, channel_name, channel_group) values
('WEB','Web / OTA Web','Digital'),
('REC','Direct Reservations / Brand Web','Direct'),
('EMA','Email / Central Reservations','Offline'),
('WAL','Walk-in','Offline');

-- market_macro_group_history: 11 rows
insert into public.market_macro_group_history (market_code, valid_from, valid_to, macro_group) values
('OTA','2020-01-01',NULL,'Retail'),
('BAR','2020-01-01',NULL,'Retail'),
('PROM','2020-01-01','2025-06-01','Retail'),
('PROM','2025-06-01',NULL,'Leisure Group'),
('FIT','2020-01-01',NULL,'Leisure'),
('CSR','2020-01-01',NULL,'Corporate'),
('CNR','2020-01-01',NULL,'Corporate'),
('CNI','2020-01-01',NULL,'MICE'),
('CGR','2020-01-01',NULL,'MICE'),
('EVEN','2020-01-01',NULL,'MICE'),
('SMERF','2020-01-01',NULL,'Leisure Group');

-- load_manifest: 1 rows
insert into public.load_manifest (dataset_revision, scraped_at, source_url, row_hash, created_at) values
('2026.06.12.2','2026-06-16 00:00:00+00','https://otel-hackathon-data-site.vercel.app','3388ad54dcd4489c7e06633e2fa7600f551b8303c35ad302b54c2540fbab0f06','2026-06-16 11:08:29.874883+00');

-- reservations_hackathon: 523 rows
insert into public.reservations_hackathon (reservation_id, arrival_date, departure_date, stay_date, property_date, reservation_status, financial_status, create_datetime, cancellation_datetime, guest_country, is_block, is_walk_in, number_of_spaces, space_type, market_code, channel_code, source_name, rate_plan_code, daily_room_revenue_before_tax, daily_total_revenue_before_tax, nights, adr_room, lead_time, company_name, travel_agent_name) values
('R0001','2026-09-12','2026-09-13','2026-09-12','2026-09-12','Reserved','Posted','2026-04-05 02:46:00+00',NULL,'GB','false','false','1','KS','CNR','REC','Brand website','GOORO','192.00','192.00','1','192.00','160','Barclays','TravelHub'),
('R0002','2026-09-02','2026-09-04','2026-09-02','2026-09-02','Reserved','Posted','2026-05-14 20:48:00+00',NULL,'ES','false','false','1','KS','BAR','REC','Brand website','DLY1','212.00','212.00','2','212.00','111',NULL,NULL),
('R0002','2026-09-02','2026-09-04','2026-09-03','2026-09-03','Reserved','Posted','2026-05-14 20:48:00+00',NULL,'ES','false','false','1','KS','BAR','REC','Brand website','DLY1','212.00','212.00','2','212.00','111',NULL,NULL),
('R0003','2026-09-10','2026-09-13','2026-09-10','2026-09-10','Reserved','Posted','2026-04-12 20:21:00+00',NULL,'FR','true','false','9','KS','CNI','EMA','OCC Central Reservations','GROUPBB','1521.00','1683.00','3','169.00','151','Dublin Design Week',NULL),
('R0003','2026-09-10','2026-09-13','2026-09-11','2026-09-11','Reserved','Posted','2026-04-12 20:21:00+00',NULL,'FR','true','false','9','KS','CNI','EMA','OCC Central Reservations','GROUPBB','1521.00','1683.00','3','169.00','151','Dublin Design Week',NULL),
('R0003','2026-09-10','2026-09-13','2026-09-12','2026-09-12','Reserved','Posted','2026-04-12 20:21:00+00',NULL,'FR','true','false','9','KS','CNI','EMA','OCC Central Reservations','GROUPBB','1521.00','1683.00','3','169.00','151','Dublin Design Week',NULL),
('R0004','2026-08-08','2026-08-09','2026-08-08','2026-08-08','Reserved','Posted','2026-05-10 02:09:00+00',NULL,'NL','false','true','1','KS','BAR','WAL','Walk-in','DLY1','206.00','206.00','1','206.00','90',NULL,NULL),
('R0005','2026-08-22','2026-08-24','2026-08-22','2026-08-22','Reserved','Posted','2026-03-26 02:34:00+00',NULL,'ES','false','false','1','KS','CSR','REC','Brand website','CORP10BB','208.00','226.00','2','208.00','149','Vertex Systems','TravelHub'),
('R0005','2026-08-22','2026-08-24','2026-08-23','2026-08-23','Reserved','Posted','2026-03-26 02:34:00+00',NULL,'ES','false','false','1','KS','CSR','REC','Brand website','CORP10BB','208.00','226.00','2','208.00','149','Vertex Systems','TravelHub'),
('R0006','2026-08-29','2026-08-30','2026-08-29','2026-08-29','Reserved','Posted','2026-03-25 23:09:00+00',NULL,'CA','false','false','1','KS','CSR','EMA','OCC Central Reservations','CORP10BB','196.00','214.00','1','196.00','157','Barclays',NULL),
('R0007','2026-08-02','2026-08-04','2026-08-02','2026-08-02','Reserved','Posted','2026-04-06 10:43:00+00',NULL,'US','true','false','7','KS','CGR','EMA','OCC Central Reservations','GROUPBB','1211.00','1337.00','2','173.00','118','Community Choir',NULL),
('R0007','2026-08-02','2026-08-04','2026-08-03','2026-08-03','Reserved','Posted','2026-04-06 10:43:00+00',NULL,'US','true','false','7','KS','CGR','EMA','OCC Central Reservations','GROUPBB','1211.00','1337.00','2','173.00','118','Community Choir',NULL),
('R0008','2026-10-08','2026-10-09','2026-10-08','2026-10-08','Reserved','Posted','2026-05-02 11:23:00+00',NULL,'FR','false','false','1','KS','BAR','WEB','Sabre','DLYBB','215.00','233.00','1','215.00','159',NULL,NULL),
('R0009','2026-06-17','2026-06-18','2026-06-17','2026-06-17','Reserved','Provisional','2026-03-29 01:21:00+00',NULL,'NL','false','false','1','KS','OTA','WEB','Booking.com','BOOKBARB','165.00','165.00','1','165.00','80',NULL,NULL),
('R0010','2026-06-18','2026-06-20','2026-06-18','2026-06-18','Reserved','Posted','2026-04-24 22:36:00+00',NULL,'ES','true','false','4','EX','SMERF','EMA','OCC Central Reservations','GROUPBB','896.00','968.00','2','224.00','55','Dublin Design Week',NULL),
('R0010','2026-06-18','2026-06-20','2026-06-19','2026-06-19','Reserved','Posted','2026-04-24 22:36:00+00',NULL,'ES','true','false','4','EX','SMERF','EMA','OCC Central Reservations','GROUPBB','896.00','968.00','2','224.00','55','Dublin Design Week',NULL),
('R0011','2026-10-13','2026-10-15','2026-10-13','2026-10-13','Reserved','Posted','2026-05-26 16:45:00+00',NULL,'DE','false','false','1','KS','OTA','WEB','Expedia','BOOKPROM','182.00','182.00','2','182.00','140',NULL,NULL),
('R0011','2026-10-13','2026-10-15','2026-10-14','2026-10-14','Reserved','Posted','2026-05-26 16:45:00+00',NULL,'DE','false','false','1','KS','OTA','WEB','Expedia','BOOKPROM','182.00','182.00','2','182.00','140',NULL,NULL),
('R0012','2026-08-28','2026-08-29','2026-08-28','2026-08-28','Reserved','Posted','2026-05-16 03:50:00+00',NULL,'ES','false','false','1','EX','CSR','EMA','OCC Central Reservations','CORP10BB','253.00','271.00','1','253.00','104','Acme Consulting','TravelHub'),
('R0013','2026-08-18','2026-08-19','2026-08-18','2026-08-18','Reserved','Posted','2026-04-06 15:47:00+00',NULL,'IE','false','true','1','TB','BAR','WAL','Walk-in','DLY1','199.00','199.00','1','199.00','134',NULL,NULL),
('R0014','2026-07-31','2026-08-03','2026-07-31','2026-07-31','Reserved','Posted','2026-04-10 08:35:00+00',NULL,'IE','false','false','1','TB','PROM','WEB','Sabre','OCHEARLY','183.00','183.00','3','183.00','112',NULL,NULL),
('R0014','2026-07-31','2026-08-03','2026-08-01','2026-08-01','Reserved','Provisional','2026-04-10 08:35:00+00',NULL,'IE','false','false','1','TB','PROM','WEB','Sabre','OCHEARLY','183.00','183.00','3','183.00','112',NULL,NULL),
('R0014','2026-07-31','2026-08-03','2026-08-02','2026-08-02','Reserved','Posted','2026-04-10 08:35:00+00',NULL,'IE','false','false','1','TB','PROM','WEB','Sabre','OCHEARLY','183.00','183.00','3','183.00','112',NULL,NULL),
('R0015','2026-09-23','2026-09-24','2026-09-23','2026-09-23','Reserved','Posted','2026-04-16 15:38:00+00',NULL,'GB','false','false','1','TB','CSR','EMA','OCC Central Reservations','BARCBB','180.00','198.00','1','180.00','160','DraftKings',NULL),
('R0016','2026-08-10','2026-08-11','2026-08-10','2026-08-10','Reserved','Posted','2026-03-03 20:23:00+00',NULL,'CA','false','true','1','KS','OTA','WAL','Walk-in','EXPBARH','179.00','179.00','1','179.00','160',NULL,NULL),
('R0017','2026-09-24','2026-09-26','2026-09-24','2026-09-24','Cancelled','Posted','2026-04-17 22:29:00+00','2026-04-30 12:00:00+00','CA','true','false','8','KS','CGR','EMA','OCC Central Reservations','GROUPBB','1312.00','1456.00','2','164.00','160','TechSummit',NULL),
('R0017','2026-09-24','2026-09-26','2026-09-25','2026-09-25','Cancelled','Posted','2026-04-17 22:29:00+00','2026-04-30 12:00:00+00','CA','true','false','8','KS','CGR','EMA','OCC Central Reservations','GROUPBB','1312.00','1456.00','2','164.00','160','TechSummit',NULL),
('R0018','2026-08-05','2026-08-08','2026-08-05','2026-08-05','Reserved','Posted','2026-03-25 01:34:00+00',NULL,'FR','false','false','1','KS','OTA','WEB','Expedia','EXPP','185.00','185.00','3','185.00','133',NULL,NULL),
('R0018','2026-08-05','2026-08-08','2026-08-06','2026-08-06','Reserved','Posted','2026-03-25 01:34:00+00',NULL,'FR','false','false','1','KS','OTA','WEB','Expedia','EXPP','185.00','185.00','3','185.00','133',NULL,NULL),
('R0018','2026-08-05','2026-08-08','2026-08-07','2026-08-07','Reserved','Posted','2026-03-25 01:34:00+00',NULL,'FR','false','false','1','KS','OTA','WEB','Expedia','EXPP','185.00','185.00','3','185.00','133',NULL,NULL),
('R0019','2026-07-17','2026-07-18','2026-07-17','2026-07-17','Reserved','Posted','2026-05-05 18:32:00+00',NULL,'NL','false','false','1','KS','OTA','WEB','Booking.com','EXPP','170.00','170.00','1','170.00','73',NULL,NULL),
('R0020','2026-09-14','2026-09-18','2026-09-14','2026-09-14','Cancelled','Posted','2026-04-07 23:54:00+00','2026-05-08 12:00:00+00','FR','true','false','5','KS','EVEN','EMA','OCC Central Reservations','GROUPBB','850.00','940.00','4','170.00','160','Dublin Design Week',NULL),
('R0020','2026-09-14','2026-09-18','2026-09-15','2026-09-15','Cancelled','Posted','2026-04-07 23:54:00+00','2026-05-08 12:00:00+00','FR','true','false','5','KS','EVEN','EMA','OCC Central Reservations','GROUPBB','850.00','940.00','4','170.00','160','Dublin Design Week',NULL),
('R0020','2026-09-14','2026-09-18','2026-09-16','2026-09-16','Cancelled','Posted','2026-04-07 23:54:00+00','2026-05-08 12:00:00+00','FR','true','false','5','KS','EVEN','EMA','OCC Central Reservations','GROUPBB','850.00','940.00','4','170.00','160','Dublin Design Week',NULL),
('R0020','2026-09-14','2026-09-18','2026-09-17','2026-09-17','Cancelled','Posted','2026-04-07 23:54:00+00','2026-05-08 12:00:00+00','FR','true','false','5','KS','EVEN','EMA','OCC Central Reservations','GROUPBB','850.00','940.00','4','170.00','160','Dublin Design Week',NULL),
('R0021','2026-10-02','2026-10-04','2026-10-02','2026-10-02','Reserved','Posted','2026-05-06 20:15:00+00',NULL,'GB','false','false','1','KS','OTA','WEB','Booking.com','BOOKPROM','182.00','182.00','2','182.00','149',NULL,NULL),
('R0021','2026-10-02','2026-10-04','2026-10-03','2026-10-03','Reserved','Posted','2026-05-06 20:15:00+00',NULL,'GB','false','false','1','KS','OTA','WEB','Booking.com','BOOKPROM','182.00','182.00','2','182.00','149',NULL,NULL),
('R0022','2026-08-22','2026-08-25','2026-08-22','2026-08-22','Reserved','Posted','2026-03-15 10:52:00+00',NULL,'DE','false','false','1','KS','OTA','WEB','Expedia','BOOKBAR','179.00','179.00','3','179.00','160',NULL,NULL),
('R0022','2026-08-22','2026-08-25','2026-08-23','2026-08-23','Reserved','Posted','2026-03-15 10:52:00+00',NULL,'DE','false','false','1','KS','OTA','WEB','Expedia','BOOKBAR','179.00','179.00','3','179.00','160',NULL,NULL),
('R0022','2026-08-22','2026-08-25','2026-08-24','2026-08-24','Reserved','Posted','2026-03-15 10:52:00+00',NULL,'DE','false','false','1','KS','OTA','WEB','Expedia','BOOKBAR','179.00','179.00','3','179.00','160',NULL,NULL),
('R0023','2026-09-07','2026-09-10','2026-09-07','2026-09-07','Cancelled','Posted','2026-03-31 12:29:00+00','2026-04-15 12:00:00+00','CA','false','false','1','KS','CSR','EMA','OCC Central Reservations','BARCBB','211.00','229.00','3','211.00','160','DraftKings',NULL),
('R0023','2026-09-07','2026-09-10','2026-09-08','2026-09-08','Cancelled','Posted','2026-03-31 12:29:00+00','2026-04-15 12:00:00+00','CA','false','false','1','KS','CSR','EMA','OCC Central Reservations','BARCBB','211.00','229.00','3','211.00','160','DraftKings',NULL),
('R0023','2026-09-07','2026-09-10','2026-09-09','2026-09-09','Cancelled','Posted','2026-03-31 12:29:00+00','2026-04-15 12:00:00+00','CA','false','false','1','KS','CSR','EMA','OCC Central Reservations','BARCBB','211.00','229.00','3','211.00','160','DraftKings',NULL),
('R0024','2026-08-24','2026-08-27','2026-08-24','2026-08-24','Reserved','Posted','2026-05-10 15:03:00+00',NULL,'FR','true','false','9','KS','CNI','EMA','OCC Central Reservations','GROUPBB','1521.00','1683.00','3','169.00','106','Community Choir',NULL),
('R0024','2026-08-24','2026-08-27','2026-08-25','2026-08-25','Reserved','Posted','2026-05-10 15:03:00+00',NULL,'FR','true','false','9','KS','CNI','EMA','OCC Central Reservations','GROUPBB','1521.00','1683.00','3','169.00','106','Community Choir',NULL),
('R0024','2026-08-24','2026-08-27','2026-08-26','2026-08-26','Reserved','Posted','2026-05-10 15:03:00+00',NULL,'FR','true','false','9','KS','CNI','EMA','OCC Central Reservations','GROUPBB','1521.00','1683.00','3','169.00','106','Community Choir',NULL),
('R0025','2026-09-08','2026-09-11','2026-09-08','2026-09-08','Reserved','Posted','2026-04-23 16:39:00+00',NULL,'CA','false','false','1','KS','OTA','WEB','Expedia','BOOKBAR','170.00','170.00','3','170.00','138',NULL,NULL),
('R0025','2026-09-08','2026-09-11','2026-09-09','2026-09-09','Reserved','Posted','2026-04-23 16:39:00+00',NULL,'CA','false','false','1','KS','OTA','WEB','Expedia','BOOKBAR','170.00','170.00','3','170.00','138',NULL,NULL),
('R0025','2026-09-08','2026-09-11','2026-09-10','2026-09-10','Reserved','Posted','2026-04-23 16:39:00+00',NULL,'CA','false','false','1','KS','OTA','WEB','Expedia','BOOKBAR','170.00','170.00','3','170.00','138',NULL,NULL),
('R0026','2026-10-06','2026-10-07','2026-10-06','2026-10-06','Reserved','Posted','2026-04-29 17:00:00+00',NULL,'CA','false','false','1','KS','OTA','WEB','Booking.com','EXPBARH','167.00','167.00','1','167.00','160',NULL,NULL),
('R0027','2026-09-10','2026-09-12','2026-09-10','2026-09-10','Reserved','Posted','2026-04-03 16:56:00+00',NULL,'GB','false','false','1','KS','BAR','REC','Brand website','DLY1','209.00','209.00','2','209.00','160',NULL,NULL),
('R0027','2026-09-10','2026-09-12','2026-09-11','2026-09-11','Reserved','Posted','2026-04-03 16:56:00+00',NULL,'GB','false','false','1','KS','BAR','REC','Brand website','DLY1','209.00','209.00','2','209.00','160',NULL,NULL),
('R0028','2026-09-22','2026-09-25','2026-09-22','2026-09-22','Reserved','Posted','2026-04-19 12:18:00+00',NULL,'DE','false','false','1','KS','CSR','REC','Brand website','BARCBB','199.00','217.00','3','199.00','156','Acme Consulting',NULL),
('R0028','2026-09-22','2026-09-25','2026-09-23','2026-09-23','Reserved','Posted','2026-04-19 12:18:00+00',NULL,'DE','false','false','1','KS','CSR','REC','Brand website','BARCBB','199.00','217.00','3','199.00','156','Acme Consulting',NULL),
('R0028','2026-09-22','2026-09-25','2026-09-24','2026-09-24','Reserved','Provisional','2026-04-19 12:18:00+00',NULL,'DE','false','false','1','KS','CSR','REC','Brand website','BARCBB','199.00','217.00','3','199.00','156','Acme Consulting',NULL),
('R0029','2026-07-09','2026-07-11','2026-07-09','2026-07-09','Reserved','Posted','2026-04-26 12:44:00+00',NULL,'GB','false','false','2','TB','OTA','WEB','Booking.com','BOOKBARB','338.00','338.00','2','169.00','74',NULL,NULL),
('R0029','2026-07-09','2026-07-11','2026-07-10','2026-07-10','Reserved','Posted','2026-04-26 12:44:00+00',NULL,'GB','false','false','2','TB','OTA','WEB','Booking.com','BOOKBARB','338.00','338.00','2','169.00','74',NULL,NULL),
('R0030','2026-09-30','2026-10-02','2026-09-30','2026-09-30','Reserved','Posted','2026-04-23 22:38:00+00',NULL,'CA','false','false','1','EX','BAR','REC','Brand website','DLY1','269.00','269.00','2','269.00','160',NULL,NULL),
('R0030','2026-09-30','2026-10-02','2026-10-01','2026-10-01','Reserved','Posted','2026-04-23 22:38:00+00',NULL,'CA','false','false','1','EX','BAR','REC','Brand website','DLY1','269.00','269.00','2','269.00','160',NULL,NULL),
('R0031','2026-08-14','2026-08-17','2026-08-14','2026-08-14','Reserved','Posted','2026-03-10 20:44:00+00',NULL,'ES','true','false','9','KS','EVEN','EMA','OCC Central Reservations','GROUPBB','1584.00','1746.00','3','176.00','157','Community Choir',NULL),
('R0031','2026-08-14','2026-08-17','2026-08-15','2026-08-15','Reserved','Posted','2026-03-10 20:44:00+00',NULL,'ES','true','false','9','KS','EVEN','EMA','OCC Central Reservations','GROUPBB','1584.00','1746.00','3','176.00','157','Community Choir',NULL),
('R0031','2026-08-14','2026-08-17','2026-08-16','2026-08-16','Reserved','Posted','2026-03-10 20:44:00+00',NULL,'ES','true','false','9','KS','EVEN','EMA','OCC Central Reservations','GROUPBB','1584.00','1746.00','3','176.00','157','Community Choir',NULL),
('R0032','2026-09-10','2026-09-12','2026-09-10','2026-09-10','Reserved','Posted','2026-05-13 15:31:00+00',NULL,'NL','false','true','1','KS','CNR','WAL','Walk-in','GOORO','189.00','189.00','2','189.00','120','Barclays','TravelHub'),
('R0032','2026-09-10','2026-09-12','2026-09-11','2026-09-11','Reserved','Posted','2026-05-13 15:31:00+00',NULL,'NL','false','true','1','KS','CNR','WAL','Walk-in','GOORO','189.00','189.00','2','189.00','120','Barclays','TravelHub'),
('R0033','2026-06-20','2026-06-21','2026-06-20','2026-06-20','Reserved','Provisional','2026-04-30 17:30:00+00',NULL,'CA','false','false','1','TB','BAR','REC','Members Rate booking','DLY1','191.00','191.00','1','191.00','51',NULL,NULL),
('R0034','2026-08-15','2026-08-18','2026-08-15','2026-08-15','Cancelled','Posted','2026-05-21 09:40:00+00','2026-06-08 12:00:00+00','GB','true','false','12','TB','SMERF','EMA','OCC Central Reservations','GROUPBB','1728.00','1944.00','3','144.00','86','Legal Partners LLP',NULL),
('R0034','2026-08-15','2026-08-18','2026-08-16','2026-08-16','Cancelled','Posted','2026-05-21 09:40:00+00','2026-06-08 12:00:00+00','GB','true','false','12','TB','SMERF','EMA','OCC Central Reservations','GROUPBB','1728.00','1944.00','3','144.00','86','Legal Partners LLP',NULL),
('R0034','2026-08-15','2026-08-18','2026-08-17','2026-08-17','Cancelled','Posted','2026-05-21 09:40:00+00','2026-06-08 12:00:00+00','GB','true','false','12','TB','SMERF','EMA','OCC Central Reservations','GROUPBB','1728.00','1944.00','3','144.00','86','Legal Partners LLP',NULL),
('R0035','2026-06-20','2026-06-22','2026-06-20','2026-06-20','Reserved','Posted','2026-04-03 21:17:00+00',NULL,'NL','false','false','1','EX','BAR','REC','Members Rate booking','DLY1','264.00','264.00','2','264.00','78',NULL,NULL),
('R0035','2026-06-20','2026-06-22','2026-06-21','2026-06-21','Reserved','Posted','2026-04-03 21:17:00+00',NULL,'NL','false','false','1','EX','BAR','REC','Members Rate booking','DLY1','264.00','264.00','2','264.00','78',NULL,NULL),
('R0036','2026-07-30','2026-08-02','2026-07-30','2026-07-30','Reserved','Posted','2026-05-06 19:33:00+00',NULL,'GB','false','false','1','KS','PROM','REC','Members Rate booking','OCHPERKRO','199.00','199.00','3','199.00','85',NULL,NULL),
('R0036','2026-07-30','2026-08-02','2026-07-31','2026-07-31','Reserved','Provisional','2026-05-06 19:33:00+00',NULL,'GB','false','false','1','KS','PROM','REC','Members Rate booking','OCHPERKRO','199.00','199.00','3','199.00','85',NULL,NULL),
('R0036','2026-07-30','2026-08-02','2026-08-01','2026-08-01','Reserved','Posted','2026-05-06 19:33:00+00',NULL,'GB','false','false','1','KS','PROM','REC','Members Rate booking','OCHPERKRO','199.00','199.00','3','199.00','85',NULL,NULL),
('R0037','2026-09-16','2026-09-18','2026-09-16','2026-09-16','Reserved','Posted','2026-05-17 01:58:00+00',NULL,'IE','false','false','1','KS','BAR','WEB','Members Rate booking','DLY1','203.00','203.00','2','203.00','122',NULL,NULL),
('R0037','2026-09-16','2026-09-18','2026-09-17','2026-09-17','Reserved','Posted','2026-05-17 01:58:00+00',NULL,'IE','false','false','1','KS','BAR','WEB','Members Rate booking','DLY1','203.00','203.00','2','203.00','122',NULL,NULL),
('R0038','2026-09-01','2026-09-03','2026-09-01','2026-09-01','Reserved','Posted','2026-03-29 00:19:00+00',NULL,'CA','false','false','1','KS','CSR','EMA','OCC Central Reservations','BARCBB','208.00','226.00','2','208.00','156','Vertex Systems','TravelHub'),
('R0038','2026-09-01','2026-09-03','2026-09-02','2026-09-02','Reserved','Posted','2026-03-29 00:19:00+00',NULL,'CA','false','false','1','KS','CSR','EMA','OCC Central Reservations','BARCBB','208.00','226.00','2','208.00','156','Vertex Systems','TravelHub'),
('R0039','2026-09-06','2026-09-07','2026-09-06','2026-09-06','Reserved','Posted','2026-03-30 09:41:00+00',NULL,'DE','false','false','1','KS','OTA','WEB','Expedia','EXPBARB','173.00','173.00','1','173.00','160',NULL,NULL),
('R0040','2026-06-09','2026-06-12','2026-06-09','2026-06-09','Reserved','Posted','2026-01-31 06:58:00+00',NULL,'FR','false','true','1','KS','BAR','WAL','Walk-in','DLYBB','206.00','224.00','3','206.00','129',NULL,NULL),
('R0040','2026-06-09','2026-06-12','2026-06-10','2026-06-10','Reserved','Posted','2026-01-31 06:58:00+00',NULL,'FR','false','true','1','KS','BAR','WAL','Walk-in','DLYBB','206.00','224.00','3','206.00','129',NULL,NULL),
('R0040','2026-06-09','2026-06-12','2026-06-11','2026-06-11','Reserved','Posted','2026-01-31 06:58:00+00',NULL,'FR','false','true','1','KS','BAR','WAL','Walk-in','DLYBB','206.00','224.00','3','206.00','129',NULL,NULL),
('R0041','2026-06-22','2026-06-25','2026-06-22','2026-06-22','Reserved','Posted','2026-03-23 02:51:00+00',NULL,'FR','false','false','2','TB','OTA','WEB','Expedia','EXPBARH','328.00','328.00','3','164.00','91',NULL,NULL),
('R0041','2026-06-22','2026-06-25','2026-06-23','2026-06-23','Reserved','Posted','2026-03-23 02:51:00+00',NULL,'FR','false','false','2','TB','OTA','WEB','Expedia','EXPBARH','328.00','328.00','3','164.00','91',NULL,NULL),
('R0041','2026-06-22','2026-06-25','2026-06-24','2026-06-24','Reserved','Posted','2026-03-23 02:51:00+00',NULL,'FR','false','false','2','TB','OTA','WEB','Expedia','EXPBARH','328.00','328.00','3','164.00','91',NULL,NULL),
('R0042','2026-07-22','2026-07-24','2026-07-22','2026-07-22','Reserved','Posted','2026-05-13 22:38:00+00',NULL,'FR','false','false','1','TB','BAR','WEB','Sabre','DLYBB','205.00','223.00','2','205.00','70',NULL,NULL),
('R0042','2026-07-22','2026-07-24','2026-07-23','2026-07-23','Reserved','Posted','2026-05-13 22:38:00+00',NULL,'FR','false','false','1','TB','BAR','WEB','Sabre','DLYBB','205.00','223.00','2','205.00','70',NULL,NULL),
('R0043','2026-09-04','2026-09-05','2026-09-04','2026-09-04','Reserved','Posted','2026-03-28 02:16:00+00',NULL,'IE','false','false','1','TB','OTA','WEB','Booking.com','EXPBARH','160.00','160.00','1','160.00','160',NULL,NULL),
('R0044','2026-10-11','2026-10-13','2026-10-11','2026-10-11','Reserved','Posted','2026-05-04 10:27:00+00',NULL,'GB','false','false','1','TB','OTA','WEB','Expedia','BOOKPROM','172.00','172.00','2','172.00','160',NULL,NULL),
('R0044','2026-10-11','2026-10-13','2026-10-12','2026-10-12','Reserved','Posted','2026-05-04 10:27:00+00',NULL,'GB','false','false','1','TB','OTA','WEB','Expedia','BOOKPROM','172.00','172.00','2','172.00','160',NULL,NULL),
('R0045','2026-09-27','2026-09-28','2026-09-27','2026-09-27','Reserved','Posted','2026-06-13 15:32:00+00',NULL,'GB','false','false','1','TB','CNR','REC','Brand website','GOORO','194.00','194.00','1','194.00','106','Acme Consulting','TravelHub'),
('R0046','2026-08-20','2026-08-22','2026-08-20','2026-08-20','Reserved','Posted','2026-04-26 13:07:00+00',NULL,'US','false','false','1','TB','FIT','REC','Brand website','FITBB','201.00','219.00','2','201.00','116',NULL,NULL),
('R0046','2026-08-20','2026-08-22','2026-08-21','2026-08-21','Reserved','Posted','2026-04-26 13:07:00+00',NULL,'US','false','false','1','TB','FIT','REC','Brand website','FITBB','201.00','219.00','2','201.00','116',NULL,NULL),
('R0047','2026-10-08','2026-10-10','2026-10-08','2026-10-08','Reserved','Posted','2026-05-01 17:47:00+00',NULL,'NL','false','false','1','KS','OTA','WEB','Expedia','BOOKBAR','179.00','179.00','2','179.00','160',NULL,NULL),
('R0047','2026-10-08','2026-10-10','2026-10-09','2026-10-09','Reserved','Posted','2026-05-01 17:47:00+00',NULL,'NL','false','false','1','KS','OTA','WEB','Expedia','BOOKBAR','179.00','179.00','2','179.00','160',NULL,NULL),
('R0048','2026-08-27','2026-08-29','2026-08-27','2026-08-27','Reserved','Posted','2026-05-04 22:51:00+00',NULL,'DE','true','false','7','KS','CGR','EMA','OCC Central Reservations','GROUPBB','1190.00','1316.00','2','170.00','115','TechSummit',NULL),
('R0048','2026-08-27','2026-08-29','2026-08-28','2026-08-28','Reserved','Posted','2026-05-04 22:51:00+00',NULL,'DE','true','false','7','KS','CGR','EMA','OCC Central Reservations','GROUPBB','1190.00','1316.00','2','170.00','115','TechSummit',NULL),
('R0049','2026-08-18','2026-08-21','2026-08-18','2026-08-18','Reserved','Posted','2026-03-12 07:09:00+00',NULL,'GB','true','false','11','KS','EVEN','EMA','OCC Central Reservations','GROUPBB','1936.00','2134.00','3','176.00','159','Community Choir',NULL),
('R0049','2026-08-18','2026-08-21','2026-08-19','2026-08-19','Reserved','Posted','2026-03-12 07:09:00+00',NULL,'GB','true','false','11','KS','EVEN','EMA','OCC Central Reservations','GROUPBB','1936.00','2134.00','3','176.00','159','Community Choir',NULL),
('R0049','2026-08-18','2026-08-21','2026-08-20','2026-08-20','Reserved','Posted','2026-03-12 07:09:00+00',NULL,'GB','true','false','11','KS','EVEN','EMA','OCC Central Reservations','GROUPBB','1936.00','2134.00','3','176.00','159','Community Choir',NULL),
('R0050','2026-09-04','2026-09-06','2026-09-04','2026-09-04','Cancelled','Posted','2026-04-06 21:14:00+00','2026-05-17 12:00:00+00','DE','false','false','1','KS','OTA','WEB','Expedia','BOOKBARB','176.00','176.00','2','176.00','151',NULL,NULL),
('R0050','2026-09-04','2026-09-06','2026-09-05','2026-09-05','Cancelled','Posted','2026-04-06 21:14:00+00','2026-05-17 12:00:00+00','DE','false','false','1','KS','OTA','WEB','Expedia','BOOKBARB','176.00','176.00','2','176.00','151',NULL,NULL),
('R0051','2026-07-20','2026-07-21','2026-07-20','2026-07-20','Reserved','Posted','2026-03-25 02:04:00+00',NULL,'FR','false','false','1','TB','OTA','WEB','Expedia','EXPBARH','178.00','178.00','1','178.00','117',NULL,NULL),
('R0052','2026-10-11','2026-10-14','2026-10-11','2026-10-11','Reserved','Posted','2026-05-04 15:46:00+00',NULL,'DE','true','false','11','EX','SMERF','EMA','OCC Central Reservations','GROUPBB','2486.00','2684.00','3','226.00','160','Community Choir',NULL),
('R0052','2026-10-11','2026-10-14','2026-10-12','2026-10-12','Reserved','Posted','2026-05-04 15:46:00+00',NULL,'DE','true','false','11','EX','SMERF','EMA','OCC Central Reservations','GROUPBB','2486.00','2684.00','3','226.00','160','Community Choir',NULL),
('R0052','2026-10-11','2026-10-14','2026-10-13','2026-10-13','Reserved','Posted','2026-05-04 15:46:00+00',NULL,'DE','true','false','11','EX','SMERF','EMA','OCC Central Reservations','GROUPBB','2486.00','2684.00','3','226.00','160','Community Choir',NULL),
('R0053','2026-07-09','2026-07-11','2026-07-09','2026-07-09','Cancelled','Posted','2026-05-03 00:21:00+00','2026-05-23 12:00:00+00','ES','false','false','1','KS','PROM','REC','Brand website','OCHPERKRO','193.00','193.00','2','193.00','67',NULL,NULL),
('R0053','2026-07-09','2026-07-11','2026-07-10','2026-07-10','Cancelled','Posted','2026-05-03 00:21:00+00','2026-05-23 12:00:00+00','ES','false','false','1','KS','PROM','REC','Brand website','OCHPERKRO','193.00','193.00','2','193.00','67',NULL,NULL),
('R0054','2026-07-12','2026-07-15','2026-07-12','2026-07-12','Reserved','Posted','2026-05-10 20:43:00+00',NULL,'ES','false','false','1','KS','FIT','REC','Brand website','FITBB','211.00','229.00','3','211.00','63',NULL,NULL),
('R0054','2026-07-12','2026-07-15','2026-07-13','2026-07-13','Reserved','Posted','2026-05-10 20:43:00+00',NULL,'ES','false','false','1','KS','FIT','REC','Brand website','FITBB','211.00','229.00','3','211.00','63',NULL,NULL),
('R0054','2026-07-12','2026-07-15','2026-07-14','2026-07-14','Reserved','Posted','2026-05-10 20:43:00+00',NULL,'ES','false','false','1','KS','FIT','REC','Brand website','FITBB','211.00','229.00','3','211.00','63',NULL,NULL),
('R0055','2026-08-31','2026-09-02','2026-08-31','2026-08-31','Reserved','Posted','2026-05-18 13:42:00+00',NULL,'CA','false','false','1','KS','CSR','REC','Brand website','BARCBB','205.00','223.00','2','205.00','105','Acme Consulting','TravelHub'),
('R0055','2026-08-31','2026-09-02','2026-09-01','2026-09-01','Reserved','Posted','2026-05-18 13:42:00+00',NULL,'CA','false','false','1','KS','CSR','REC','Brand website','BARCBB','205.00','223.00','2','205.00','105','Acme Consulting','TravelHub'),
('R0056','2026-10-13','2026-10-15','2026-10-13','2026-10-13','Reserved','Posted','2026-05-06 22:06:00+00',NULL,'ES','false','false','1','TB','OTA','WEB','Booking.com','BOOKPROM','154.00','154.00','2','154.00','160',NULL,NULL),
('R0056','2026-10-13','2026-10-15','2026-10-14','2026-10-14','Reserved','Posted','2026-05-06 22:06:00+00',NULL,'ES','false','false','1','TB','OTA','WEB','Booking.com','BOOKPROM','154.00','154.00','2','154.00','160',NULL,NULL),
('R0057','2026-07-10','2026-07-13','2026-07-10','2026-07-10','Reserved','Posted','2026-04-22 08:07:00+00',NULL,'GB','false','false','1','KS','OTA','WEB','Booking.com','EXPP','179.00','179.00','3','179.00','79',NULL,NULL),
('R0057','2026-07-10','2026-07-13','2026-07-11','2026-07-11','Reserved','Posted','2026-04-22 08:07:00+00',NULL,'GB','false','false','1','KS','OTA','WEB','Booking.com','EXPP','179.00','179.00','3','179.00','79',NULL,NULL),
('R0057','2026-07-10','2026-07-13','2026-07-12','2026-07-12','Reserved','Posted','2026-04-22 08:07:00+00',NULL,'GB','false','false','1','KS','OTA','WEB','Booking.com','EXPP','179.00','179.00','3','179.00','79',NULL,NULL),
('R0058','2026-07-06','2026-07-07','2026-07-06','2026-07-06','Reserved','Posted','2026-03-19 01:11:00+00',NULL,'FR','false','false','1','EX','CSR','EMA','OCC Central Reservations','BARCBB','260.00','278.00','1','260.00','109','Barclays',NULL),
('R0059','2026-08-21','2026-08-24','2026-08-21','2026-08-21','Reserved','Posted','2026-04-16 06:34:00+00',NULL,'US','true','false','8','KS','CGR','EMA','OCC Central Reservations','GROUPBB','1432.00','1576.00','3','179.00','127','Community Choir',NULL),
('R0059','2026-08-21','2026-08-24','2026-08-22','2026-08-22','Reserved','Posted','2026-04-16 06:34:00+00',NULL,'US','true','false','8','KS','CGR','EMA','OCC Central Reservations','GROUPBB','1432.00','1576.00','3','179.00','127','Community Choir',NULL),
('R0059','2026-08-21','2026-08-24','2026-08-23','2026-08-23','Reserved','Posted','2026-04-16 06:34:00+00',NULL,'US','true','false','8','KS','CGR','EMA','OCC Central Reservations','GROUPBB','1432.00','1576.00','3','179.00','127','Community Choir',NULL),
('R0060','2026-10-13','2026-10-16','2026-10-13','2026-10-13','Reserved','Posted','2026-05-06 08:30:00+00',NULL,'FR','false','false','1','KS','PROM','REC','Brand website','OCHPERKRO','190.00','190.00','3','190.00','160',NULL,NULL),
('R0060','2026-10-13','2026-10-16','2026-10-14','2026-10-14','Reserved','Posted','2026-05-06 08:30:00+00',NULL,'FR','false','false','1','KS','PROM','REC','Brand website','OCHPERKRO','190.00','190.00','3','190.00','160',NULL,NULL),
('R0060','2026-10-13','2026-10-16','2026-10-15','2026-10-15','Reserved','Posted','2026-05-06 08:30:00+00',NULL,'FR','false','false','1','KS','PROM','REC','Brand website','OCHPERKRO','190.00','190.00','3','190.00','160',NULL,NULL),
('R0061','2026-08-26','2026-08-27','2026-08-26','2026-08-26','Reserved','Posted','2026-06-14 15:00:00+00',NULL,'NL','false','false','1','KS','CSR','EMA','OCC Central Reservations','CORP10BB','202.00','220.00','1','202.00','73','Acme Consulting','TravelHub'),
('R0062','2026-09-13','2026-09-16','2026-09-13','2026-09-13','Reserved','Posted','2026-04-06 09:17:00+00',NULL,'ES','false','false','1','KS','PROM','REC','Brand website','OCHEARLY','193.00','193.00','3','193.00','160',NULL,NULL),
('R0062','2026-09-13','2026-09-16','2026-09-14','2026-09-14','Reserved','Posted','2026-04-06 09:17:00+00',NULL,'ES','false','false','1','KS','PROM','REC','Brand website','OCHEARLY','193.00','193.00','3','193.00','160',NULL,NULL),
('R0062','2026-09-13','2026-09-16','2026-09-15','2026-09-15','Reserved','Posted','2026-04-06 09:17:00+00',NULL,'ES','false','false','1','KS','PROM','REC','Brand website','OCHEARLY','193.00','193.00','3','193.00','160',NULL,NULL),
('R0063','2026-07-19','2026-07-21','2026-07-19','2026-07-19','Reserved','Posted','2026-03-18 07:39:00+00',NULL,'FR','false','false','1','KS','CSR','EMA','OCC Central Reservations','BARCBB','229.00','247.00','2','229.00','123','Acme Consulting',NULL),
('R0063','2026-07-19','2026-07-21','2026-07-20','2026-07-20','Reserved','Posted','2026-03-18 07:39:00+00',NULL,'FR','false','false','1','KS','CSR','EMA','OCC Central Reservations','BARCBB','229.00','247.00','2','229.00','123','Acme Consulting',NULL),
('R0064','2026-09-01','2026-09-04','2026-09-01','2026-09-01','Reserved','Posted','2026-04-07 07:53:00+00',NULL,'GB','true','false','7','KS','SMERF','EMA','OCC Central Reservations','GROUPBB','1099.00','1225.00','3','157.00','147','Dublin Design Week',NULL),
('R0064','2026-09-01','2026-09-04','2026-09-02','2026-09-02','Reserved','Posted','2026-04-07 07:53:00+00',NULL,'GB','true','false','7','KS','SMERF','EMA','OCC Central Reservations','GROUPBB','1099.00','1225.00','3','157.00','147','Dublin Design Week',NULL),
('R0064','2026-09-01','2026-09-04','2026-09-03','2026-09-03','Reserved','Posted','2026-04-07 07:53:00+00',NULL,'GB','true','false','7','KS','SMERF','EMA','OCC Central Reservations','GROUPBB','1099.00','1225.00','3','157.00','147','Dublin Design Week',NULL),
('R0065','2026-09-14','2026-09-15','2026-09-14','2026-09-14','Reserved','Posted','2026-04-12 21:15:00+00',NULL,'NL','false','false','1','KS','CNR','REC','Brand website','GOORO','195.00','195.00','1','195.00','155','DraftKings',NULL),
('R0066','2026-09-07','2026-09-09','2026-09-07','2026-09-07','Reserved','Posted','2026-03-31 02:49:00+00',NULL,'GB','false','false','1','KS','OTA','WEB','Expedia','BOOKBAR','170.00','170.00','2','170.00','160',NULL,NULL),
('R0066','2026-09-07','2026-09-09','2026-09-08','2026-09-08','Reserved','Posted','2026-03-31 02:49:00+00',NULL,'GB','false','false','1','KS','OTA','WEB','Expedia','BOOKBAR','170.00','170.00','2','170.00','160',NULL,NULL),
('R0067','2026-07-25','2026-07-27','2026-07-25','2026-07-25','Reserved','Posted','2026-06-16 06:15:00+00',NULL,'NL','false','false','1','KS','OTA','WEB','Expedia','EXPP','200.00','200.00','2','200.00','39',NULL,NULL),
('R0067','2026-07-25','2026-07-27','2026-07-26','2026-07-26','Reserved','Posted','2026-06-16 06:15:00+00',NULL,'NL','false','false','1','KS','OTA','WEB','Expedia','EXPP','200.00','200.00','2','200.00','39',NULL,NULL),
('R0068','2026-07-10','2026-07-11','2026-07-10','2026-07-10','Reserved','Posted','2026-04-19 11:41:00+00',NULL,'DE','false','false','2','KS','FIT','REC','Members Rate booking','FITBB','446.00','482.00','1','223.00','82',NULL,NULL),
('R0069','2026-08-27','2026-08-30','2026-08-27','2026-08-27','Reserved','Posted','2026-05-20 14:52:00+00',NULL,'GB','false','false','1','KS','FIT','WEB','Sabre','FITBB','217.00','235.00','3','217.00','99',NULL,NULL),
('R0069','2026-08-27','2026-08-30','2026-08-28','2026-08-28','Reserved','Posted','2026-05-20 14:52:00+00',NULL,'GB','false','false','1','KS','FIT','WEB','Sabre','FITBB','217.00','235.00','3','217.00','99',NULL,NULL),
('R0069','2026-08-27','2026-08-30','2026-08-29','2026-08-29','Reserved','Posted','2026-05-20 14:52:00+00',NULL,'GB','false','false','1','KS','FIT','WEB','Sabre','FITBB','217.00','235.00','3','217.00','99',NULL,NULL),
('R0070','2026-07-04','2026-07-05','2026-07-04','2026-07-04','Cancelled','Posted','2026-06-14 03:30:00+00','2026-06-15 12:00:00+00','CA','false','false','1','KS','OTA','WEB','Booking.com','BOOKPROM','162.00','162.00','1','162.00','20',NULL,NULL),
('R0071','2026-07-06','2026-07-08','2026-07-06','2026-07-06','Reserved','Posted','2026-01-28 19:24:00+00',NULL,'GB','false','false','1','EX','CSR','REC','Brand website','BARCBB','248.00','266.00','2','248.00','159','DraftKings','TravelHub'),
('R0071','2026-07-06','2026-07-08','2026-07-07','2026-07-07','Reserved','Posted','2026-01-28 19:24:00+00',NULL,'GB','false','false','1','EX','CSR','REC','Brand website','BARCBB','248.00','266.00','2','248.00','159','DraftKings','TravelHub'),
('R0072','2026-07-30','2026-08-01','2026-07-30','2026-07-30','Cancelled','Posted','2026-03-26 23:23:00+00','2026-05-25 12:00:00+00','GB','false','false','1','KS','CNR','REC','Brand website','GOORO','213.00','213.00','2','213.00','126','DraftKings',NULL),
('R0072','2026-07-30','2026-08-01','2026-07-31','2026-07-31','Cancelled','Posted','2026-03-26 23:23:00+00','2026-05-25 12:00:00+00','GB','false','false','1','KS','CNR','REC','Brand website','GOORO','213.00','213.00','2','213.00','126','DraftKings',NULL),
('R0073','2026-10-04','2026-10-05','2026-10-04','2026-10-04','Reserved','Posted','2026-04-27 19:10:00+00',NULL,'FR','false','false','1','TB','OTA','WEB','Expedia','EXPBARH','172.00','172.00','1','172.00','160',NULL,NULL),
('R0074','2026-08-31','2026-09-03','2026-08-31','2026-08-31','Reserved','Posted','2026-04-03 08:31:00+00',NULL,'ES','false','false','1','KS','FIT','REC','Brand website','FITBB','214.00','232.00','3','214.00','150',NULL,NULL),
('R0074','2026-08-31','2026-09-03','2026-09-01','2026-09-01','Reserved','Posted','2026-04-03 08:31:00+00',NULL,'ES','false','false','1','KS','FIT','REC','Brand website','FITBB','214.00','232.00','3','214.00','150',NULL,NULL),
('R0074','2026-08-31','2026-09-03','2026-09-02','2026-09-02','Reserved','Posted','2026-04-03 08:31:00+00',NULL,'ES','false','false','1','KS','FIT','REC','Brand website','FITBB','214.00','232.00','3','214.00','150',NULL,NULL),
('R0075','2026-08-18','2026-08-19','2026-08-18','2026-08-18','Reserved','Posted','2026-04-26 20:45:00+00',NULL,'FR','false','false','1','KS','OTA','WEB','Expedia','EXPBARB','182.00','182.00','1','182.00','114',NULL,NULL),
('R0076','2026-06-08','2026-06-10','2026-06-08','2026-06-08','Reserved','Posted','2026-03-28 07:48:00+00',NULL,'DE','false','false','1','KS','OTA','WEB','Expedia','BOOKPROM','182.00','182.00','2','182.00','72',NULL,NULL),
('R0076','2026-06-08','2026-06-10','2026-06-09','2026-06-09','Reserved','Posted','2026-03-28 07:48:00+00',NULL,'DE','false','false','1','KS','OTA','WEB','Expedia','BOOKPROM','182.00','182.00','2','182.00','72',NULL,NULL),
('R0077','2026-08-29','2026-08-31','2026-08-29','2026-08-29','Reserved','Posted','2026-04-07 02:47:00+00',NULL,'IE','false','true','2','KS','OTA','WAL','Walk-in','EXPBARB','352.00','352.00','2','176.00','144',NULL,NULL),
('R0077','2026-08-29','2026-08-31','2026-08-30','2026-08-30','Reserved','Posted','2026-04-07 02:47:00+00',NULL,'IE','false','true','2','KS','OTA','WAL','Walk-in','EXPBARB','352.00','352.00','2','176.00','144',NULL,NULL),
('R0078','2026-09-10','2026-09-11','2026-09-10','2026-09-10','Reserved','Posted','2026-04-03 11:45:00+00',NULL,'CA','false','false','1','KS','BAR','WEB','Members Rate booking','DLYBB','215.00','233.00','1','215.00','160',NULL,NULL),
('R0079','2026-08-23','2026-08-26','2026-08-23','2026-08-23','Reserved','Posted','2026-06-16 17:43:00+00',NULL,'NL','false','false','1','KS','CSR','EMA','OCC Central Reservations','BARCBB','196.00','214.00','3','196.00','68','DraftKings',NULL),
('R0079','2026-08-23','2026-08-26','2026-08-24','2026-08-24','Reserved','Posted','2026-06-16 17:43:00+00',NULL,'NL','false','false','1','KS','CSR','EMA','OCC Central Reservations','BARCBB','196.00','214.00','3','196.00','68','DraftKings',NULL),
('R0079','2026-08-23','2026-08-26','2026-08-25','2026-08-25','Reserved','Posted','2026-06-16 17:43:00+00',NULL,'NL','false','false','1','KS','CSR','EMA','OCC Central Reservations','BARCBB','196.00','214.00','3','196.00','68','DraftKings',NULL),
('R0080','2026-08-25','2026-08-26','2026-08-25','2026-08-25','Cancelled','Posted','2026-03-25 19:44:00+00','2026-04-17 12:00:00+00','ES','false','false','1','KS','BAR','REC','Brand website','DLY1','209.00','209.00','1','209.00','153',NULL,NULL),
('R0081','2026-07-05','2026-07-06','2026-07-05','2026-07-05','Reserved','Posted','2026-02-10 09:54:00+00',NULL,'ES','false','false','1','KS','CNR','REC','Brand website','GOORO','196.00','196.00','1','196.00','145','Vertex Systems','TravelHub'),
('R0082','2026-10-04','2026-10-08','2026-10-04','2026-10-04','Reserved','Posted','2026-04-27 02:08:00+00',NULL,'ES','true','false','8','EX','EVEN','EMA','OCC Central Reservations','GROUPBB','1840.00','1984.00','4','230.00','160','Legal Partners LLP',NULL),
('R0082','2026-10-04','2026-10-08','2026-10-05','2026-10-05','Reserved','Posted','2026-04-27 02:08:00+00',NULL,'ES','true','false','8','EX','EVEN','EMA','OCC Central Reservations','GROUPBB','1840.00','1984.00','4','230.00','160','Legal Partners LLP',NULL),
('R0082','2026-10-04','2026-10-08','2026-10-06','2026-10-06','Reserved','Posted','2026-04-27 02:08:00+00',NULL,'ES','true','false','8','EX','EVEN','EMA','OCC Central Reservations','GROUPBB','1840.00','1984.00','4','230.00','160','Legal Partners LLP',NULL),
('R0082','2026-10-04','2026-10-08','2026-10-07','2026-10-07','Reserved','Posted','2026-04-27 02:08:00+00',NULL,'ES','true','false','8','EX','EVEN','EMA','OCC Central Reservations','GROUPBB','1840.00','1984.00','4','230.00','160','Legal Partners LLP',NULL),
('R0083','2026-07-27','2026-07-28','2026-07-27','2026-07-27','Cancelled','Posted','2026-04-07 22:50:00+00','2026-04-07 12:00:00+00','GB','false','false','1','KS','CNR','EMA','OCC Central Reservations','GOORO','225.00','225.00','1','225.00','111','Vertex Systems',NULL),
('R0084','2026-08-22','2026-08-24','2026-08-22','2026-08-22','Reserved','Posted','2026-06-12 04:13:00+00',NULL,'FR','false','false','1','TB','OTA','WEB','Expedia','EXPBARB','163.00','163.00','2','163.00','71',NULL,NULL),
('R0084','2026-08-22','2026-08-24','2026-08-23','2026-08-23','Reserved','Posted','2026-06-12 04:13:00+00',NULL,'FR','false','false','1','TB','OTA','WEB','Expedia','EXPBARB','163.00','163.00','2','163.00','71',NULL,NULL),
('R0085','2026-10-07','2026-10-08','2026-10-07','2026-10-07','Reserved','Posted','2026-04-30 03:16:00+00',NULL,'US','false','false','1','KS','OTA','WEB','Booking.com','EXPBARH','167.00','167.00','1','167.00','160',NULL,NULL),
('R0086','2026-08-28','2026-08-31','2026-08-28','2026-08-28','Reserved','Posted','2026-03-21 18:21:00+00',NULL,'NL','true','false','4','KS','CNI','EMA','OCC Central Reservations','GROUPBB','676.00','748.00','3','169.00','160','Community Choir',NULL),
('R0086','2026-08-28','2026-08-31','2026-08-29','2026-08-29','Reserved','Posted','2026-03-21 18:21:00+00',NULL,'NL','true','false','4','KS','CNI','EMA','OCC Central Reservations','GROUPBB','676.00','748.00','3','169.00','160','Community Choir',NULL),
('R0086','2026-08-28','2026-08-31','2026-08-30','2026-08-30','Reserved','Posted','2026-03-21 18:21:00+00',NULL,'NL','true','false','4','KS','CNI','EMA','OCC Central Reservations','GROUPBB','676.00','748.00','3','169.00','160','Community Choir',NULL),
('R0087','2026-07-18','2026-07-21','2026-07-18','2026-07-18','Reserved','Posted','2026-06-13 13:49:00+00',NULL,'NL','false','false','1','EX','OTA','WEB','Booking.com','BOOKBAR','239.00','239.00','3','239.00','35',NULL,NULL),
('R0087','2026-07-18','2026-07-21','2026-07-19','2026-07-19','Reserved','Posted','2026-06-13 13:49:00+00',NULL,'NL','false','false','1','EX','OTA','WEB','Booking.com','BOOKBAR','239.00','239.00','3','239.00','35',NULL,NULL),
('R0087','2026-07-18','2026-07-21','2026-07-20','2026-07-20','Reserved','Posted','2026-06-13 13:49:00+00',NULL,'NL','false','false','1','EX','OTA','WEB','Booking.com','BOOKBAR','239.00','239.00','3','239.00','35',NULL,NULL),
('R0088','2026-06-30','2026-07-03','2026-06-30','2026-06-30','Reserved','Posted','2026-06-11 22:30:00+00',NULL,'IE','true','false','10','TB','EVEN','EMA','OCC Central Reservations','GROUPBB','1520.00','1700.00','3','152.00','19','Legal Partners LLP',NULL),
('R0088','2026-06-30','2026-07-03','2026-07-01','2026-07-01','Reserved','Posted','2026-06-11 22:30:00+00',NULL,'IE','true','false','10','TB','EVEN','EMA','OCC Central Reservations','GROUPBB','1520.00','1700.00','3','152.00','19','Legal Partners LLP',NULL),
('R0088','2026-06-30','2026-07-03','2026-07-02','2026-07-02','Reserved','Posted','2026-06-11 22:30:00+00',NULL,'IE','true','false','10','TB','EVEN','EMA','OCC Central Reservations','GROUPBB','1520.00','1700.00','3','152.00','19','Legal Partners LLP',NULL),
('R0089','2026-09-15','2026-09-17','2026-09-15','2026-09-15','Reserved','Posted','2026-04-08 17:56:00+00',NULL,'IE','false','false','1','KS','PROM','REC','Brand website','OCHEARLY','175.00','175.00','2','175.00','160',NULL,NULL),
('R0089','2026-09-15','2026-09-17','2026-09-16','2026-09-16','Reserved','Posted','2026-04-08 17:56:00+00',NULL,'IE','false','false','1','KS','PROM','REC','Brand website','OCHEARLY','175.00','175.00','2','175.00','160',NULL,NULL),
('R0090','2026-07-13','2026-07-15','2026-07-13','2026-07-13','Reserved','Posted','2026-02-28 20:59:00+00',NULL,'DE','false','false','2','KS','BAR','REC','Brand website','DLYBB','430.00','466.00','2','215.00','135',NULL,NULL),
('R0090','2026-07-13','2026-07-15','2026-07-14','2026-07-14','Reserved','Posted','2026-02-28 20:59:00+00',NULL,'DE','false','false','2','KS','BAR','REC','Brand website','DLYBB','430.00','466.00','2','215.00','135',NULL,NULL),
('R0091','2026-06-07','2026-06-08','2026-06-07','2026-06-07','Reserved','Posted','2026-06-07 20:30:00+00',NULL,'US','false','false','1','KS','PROM','REC','Brand website','OCHEARLY','184.00','184.00','1','184.00','0',NULL,NULL),
('R0092','2026-08-14','2026-08-17','2026-08-14','2026-08-14','Cancelled','Posted','2026-03-24 02:57:00+00','2026-03-29 12:00:00+00','GB','false','false','1','KS','PROM','WEB','Sabre','OCHEARLY','181.00','181.00','3','181.00','143',NULL,NULL),
('R0092','2026-08-14','2026-08-17','2026-08-15','2026-08-15','Cancelled','Posted','2026-03-24 02:57:00+00','2026-03-29 12:00:00+00','GB','false','false','1','KS','PROM','WEB','Sabre','OCHEARLY','181.00','181.00','3','181.00','143',NULL,NULL),
('R0092','2026-08-14','2026-08-17','2026-08-16','2026-08-16','Cancelled','Posted','2026-03-24 02:57:00+00','2026-03-29 12:00:00+00','GB','false','false','1','KS','PROM','WEB','Sabre','OCHEARLY','181.00','181.00','3','181.00','143',NULL,NULL),
('R0093','2026-07-28','2026-07-31','2026-07-28','2026-07-28','Reserved','Posted','2026-03-11 01:55:00+00',NULL,'DE','false','false','1','KS','PROM','REC','Members Rate booking','OCHPERKRO','208.00','208.00','3','208.00','139',NULL,NULL),
('R0093','2026-07-28','2026-07-31','2026-07-29','2026-07-29','Reserved','Posted','2026-03-11 01:55:00+00',NULL,'DE','false','false','1','KS','PROM','REC','Members Rate booking','OCHPERKRO','208.00','208.00','3','208.00','139',NULL,NULL),
('R0093','2026-07-28','2026-07-31','2026-07-30','2026-07-30','Reserved','Posted','2026-03-11 01:55:00+00',NULL,'DE','false','false','1','KS','PROM','REC','Members Rate booking','OCHPERKRO','208.00','208.00','3','208.00','139',NULL,NULL),
('R0094','2026-06-15','2026-06-16','2026-06-15','2026-06-15','Reserved','Posted','2026-06-09 20:21:00+00',NULL,'US','false','false','1','KS','CSR','REC','Brand website','BARCBB','196.00','214.00','1','196.00','6','Barclays','TravelHub'),
('R0095','2026-07-13','2026-07-16','2026-07-13','2026-07-13','Reserved','Posted','2026-04-24 13:08:00+00',NULL,'ES','false','false','1','TB','PROM','WEB','Sabre','OCHPERKRO','162.00','162.00','3','162.00','80',NULL,NULL),
('R0095','2026-07-13','2026-07-16','2026-07-14','2026-07-14','Reserved','Posted','2026-04-24 13:08:00+00',NULL,'ES','false','false','1','TB','PROM','WEB','Sabre','OCHPERKRO','162.00','162.00','3','162.00','80',NULL,NULL),
('R0095','2026-07-13','2026-07-16','2026-07-15','2026-07-15','Reserved','Posted','2026-04-24 13:08:00+00',NULL,'ES','false','false','1','TB','PROM','WEB','Sabre','OCHPERKRO','162.00','162.00','3','162.00','80',NULL,NULL),
('R0096','2026-07-26','2026-07-29','2026-07-26','2026-07-26','Reserved','Posted','2026-06-11 15:31:00+00',NULL,'CA','false','false','1','KS','BAR','WEB','Sabre','DLY1','215.00','215.00','3','215.00','45',NULL,NULL),
('R0096','2026-07-26','2026-07-29','2026-07-27','2026-07-27','Reserved','Posted','2026-06-11 15:31:00+00',NULL,'CA','false','false','1','KS','BAR','WEB','Sabre','DLY1','215.00','215.00','3','215.00','45',NULL,NULL),
('R0096','2026-07-26','2026-07-29','2026-07-28','2026-07-28','Reserved','Posted','2026-06-11 15:31:00+00',NULL,'CA','false','false','1','KS','BAR','WEB','Sabre','DLY1','215.00','215.00','3','215.00','45',NULL,NULL),
('R0097','2026-07-18','2026-07-20','2026-07-18','2026-07-18','Reserved','Posted','2026-03-28 04:59:00+00',NULL,'DE','true','false','4','KS','CGR','EMA','OCC Central Reservations','GROUPBB','656.00','728.00','2','164.00','112','Community Choir',NULL),
('R0097','2026-07-18','2026-07-20','2026-07-19','2026-07-19','Reserved','Posted','2026-03-28 04:59:00+00',NULL,'DE','true','false','4','KS','CGR','EMA','OCC Central Reservations','GROUPBB','656.00','728.00','2','164.00','112','Community Choir',NULL),
('R0098','2026-07-15','2026-07-17','2026-07-15','2026-07-15','Reserved','Posted','2026-05-08 02:00:00+00',NULL,'CA','false','false','2','KS','PROM','REC','Brand website','OCHPERKRO','374.00','374.00','2','187.00','68',NULL,NULL),
('R0098','2026-07-15','2026-07-17','2026-07-16','2026-07-16','Reserved','Posted','2026-05-08 02:00:00+00',NULL,'CA','false','false','2','KS','PROM','REC','Brand website','OCHPERKRO','374.00','374.00','2','187.00','68',NULL,NULL),
('R0099','2026-09-02','2026-09-05','2026-09-02','2026-09-02','Reserved','Posted','2026-03-26 18:26:00+00',NULL,'ES','false','false','1','TB','BAR','WEB','Members Rate booking','DLYBB','193.00','211.00','3','193.00','160',NULL,NULL),
('R0099','2026-09-02','2026-09-05','2026-09-03','2026-09-03','Reserved','Posted','2026-03-26 18:26:00+00',NULL,'ES','false','false','1','TB','BAR','WEB','Members Rate booking','DLYBB','193.00','211.00','3','193.00','160',NULL,NULL),
('R0099','2026-09-02','2026-09-05','2026-09-04','2026-09-04','Reserved','Posted','2026-03-26 18:26:00+00',NULL,'ES','false','false','1','TB','BAR','WEB','Members Rate booking','DLYBB','193.00','211.00','3','193.00','160',NULL,NULL),
('R0100','2026-07-01','2026-07-04','2026-07-01','2026-07-01','Reserved','Posted','2026-03-20 15:16:00+00',NULL,'ES','false','false','1','KS','OTA','WEB','Expedia','EXPBARB','177.00','177.00','3','177.00','103',NULL,NULL),
('R0100','2026-07-01','2026-07-04','2026-07-02','2026-07-02','Reserved','Posted','2026-03-20 15:16:00+00',NULL,'ES','false','false','1','KS','OTA','WEB','Expedia','EXPBARB','177.00','177.00','3','177.00','103',NULL,NULL),
('R0100','2026-07-01','2026-07-04','2026-07-03','2026-07-03','Reserved','Posted','2026-03-20 15:16:00+00',NULL,'ES','false','false','1','KS','OTA','WEB','Expedia','EXPBARB','177.00','177.00','3','177.00','103',NULL,NULL),
('R0101','2026-09-23','2026-09-24','2026-09-23','2026-09-23','Reserved','Posted','2026-04-21 00:34:00+00',NULL,'CA','false','false','1','KS','FIT','REC','Members Rate booking','FITBB','217.00','235.00','1','217.00','155',NULL,NULL),
('R0102','2026-09-03','2026-09-05','2026-09-03','2026-09-03','Reserved','Posted','2026-03-27 01:08:00+00',NULL,'US','false','false','1','KS','BAR','REC','Brand website','DLY1','209.00','209.00','2','209.00','160',NULL,NULL),
('R0102','2026-09-03','2026-09-05','2026-09-04','2026-09-04','Reserved','Posted','2026-03-27 01:08:00+00',NULL,'US','false','false','1','KS','BAR','REC','Brand website','DLY1','209.00','209.00','2','209.00','160',NULL,NULL),
('R0103','2026-10-03','2026-10-05','2026-10-03','2026-10-03','Reserved','Posted','2026-04-26 06:14:00+00',NULL,'US','false','false','1','KS','OTA','WEB','Booking.com','EXPBARB','170.00','170.00','2','170.00','160',NULL,NULL),
('R0103','2026-10-03','2026-10-05','2026-10-04','2026-10-04','Reserved','Posted','2026-04-26 06:14:00+00',NULL,'US','false','false','1','KS','OTA','WEB','Booking.com','EXPBARB','170.00','170.00','2','170.00','160',NULL,NULL),
('R0104','2026-08-14','2026-08-17','2026-08-14','2026-08-14','Reserved','Posted','2026-04-28 09:01:00+00',NULL,'GB','false','false','1','KS','OTA','WEB','Booking.com','EXPBARH','176.00','176.00','3','176.00','108',NULL,NULL),
('R0104','2026-08-14','2026-08-17','2026-08-15','2026-08-15','Reserved','Posted','2026-04-28 09:01:00+00',NULL,'GB','false','false','1','KS','OTA','WEB','Booking.com','EXPBARH','176.00','176.00','3','176.00','108',NULL,NULL),
('R0104','2026-08-14','2026-08-17','2026-08-16','2026-08-16','Reserved','Posted','2026-04-28 09:01:00+00',NULL,'GB','false','false','1','KS','OTA','WEB','Booking.com','EXPBARH','176.00','176.00','3','176.00','108',NULL,NULL),
('R0105','2026-08-15','2026-08-16','2026-08-15','2026-08-15','Reserved','Posted','2026-04-19 14:30:00+00',NULL,'DE','false','true','1','KS','CSR','WAL','Walk-in','CORP10BB','199.00','217.00','1','199.00','118','DraftKings',NULL),
('R0106','2026-08-06','2026-08-09','2026-08-06','2026-08-06','Reserved','Posted','2026-05-05 16:45:00+00',NULL,'ES','false','false','1','KS','CSR','EMA','OCC Central Reservations','BARCBB','208.00','226.00','3','208.00','93','Barclays','TravelHub'),
('R0106','2026-08-06','2026-08-09','2026-08-07','2026-08-07','Reserved','Posted','2026-05-05 16:45:00+00',NULL,'ES','false','false','1','KS','CSR','EMA','OCC Central Reservations','BARCBB','208.00','226.00','3','208.00','93','Barclays','TravelHub'),
('R0106','2026-08-06','2026-08-09','2026-08-08','2026-08-08','Reserved','Posted','2026-05-05 16:45:00+00',NULL,'ES','false','false','1','KS','CSR','EMA','OCC Central Reservations','BARCBB','208.00','226.00','3','208.00','93','Barclays','TravelHub'),
('R0107','2026-08-26','2026-08-29','2026-08-26','2026-08-26','Reserved','Posted','2026-06-15 12:49:00+00',NULL,'US','false','false','1','KS','CSR','REC','Brand website','CORP10BB','205.00','223.00','3','205.00','72','Acme Consulting',NULL),
('R0107','2026-08-26','2026-08-29','2026-08-27','2026-08-27','Reserved','Posted','2026-06-15 12:49:00+00',NULL,'US','false','false','1','KS','CSR','REC','Brand website','CORP10BB','205.00','223.00','3','205.00','72','Acme Consulting',NULL),
('R0107','2026-08-26','2026-08-29','2026-08-28','2026-08-28','Reserved','Posted','2026-06-15 12:49:00+00',NULL,'US','false','false','1','KS','CSR','REC','Brand website','CORP10BB','205.00','223.00','3','205.00','72','Acme Consulting',NULL),
('R0108','2026-09-09','2026-09-12','2026-09-09','2026-09-09','Reserved','Posted','2026-05-14 13:30:00+00',NULL,'CA','true','false','5','TB','CGR','EMA','OCC Central Reservations','GROUPBB','815.00','905.00','3','163.00','118','TechSummit',NULL),
('R0108','2026-09-09','2026-09-12','2026-09-10','2026-09-10','Reserved','Posted','2026-05-14 13:30:00+00',NULL,'CA','true','false','5','TB','CGR','EMA','OCC Central Reservations','GROUPBB','815.00','905.00','3','163.00','118','TechSummit',NULL),
('R0108','2026-09-09','2026-09-12','2026-09-11','2026-09-11','Reserved','Posted','2026-05-14 13:30:00+00',NULL,'CA','true','false','5','TB','CGR','EMA','OCC Central Reservations','GROUPBB','815.00','905.00','3','163.00','118','TechSummit',NULL),
('R0109','2026-06-06','2026-06-07','2026-06-06','2026-06-06','Cancelled','Posted','2026-04-01 00:49:00+00','2026-04-14 12:00:00+00','GB','false','false','1','TB','CNR','REC','Brand website','GOORO','185.00','185.00','1','185.00','66','Acme Consulting','TravelHub'),
('R0110','2026-10-05','2026-10-07','2026-10-05','2026-10-05','Reserved','Posted','2026-06-12 22:55:00+00',NULL,'IE','false','false','1','KS','BAR','WEB','Sabre','DLY1','200.00','200.00','2','200.00','115',NULL,NULL),
('R0110','2026-10-05','2026-10-07','2026-10-06','2026-10-06','Reserved','Posted','2026-06-12 22:55:00+00',NULL,'IE','false','false','1','KS','BAR','WEB','Sabre','DLY1','200.00','200.00','2','200.00','115',NULL,NULL),
('R0111','2026-09-26','2026-09-29','2026-09-26','2026-09-26','Reserved','Posted','2026-05-02 23:37:00+00',NULL,'GB','false','false','1','TB','CSR','EMA','OCC Central Reservations','BARCBB','180.00','198.00','3','180.00','147','DraftKings','TravelHub'),
('R0111','2026-09-26','2026-09-29','2026-09-27','2026-09-27','Reserved','Posted','2026-05-02 23:37:00+00',NULL,'GB','false','false','1','TB','CSR','EMA','OCC Central Reservations','BARCBB','180.00','198.00','3','180.00','147','DraftKings','TravelHub'),
('R0111','2026-09-26','2026-09-29','2026-09-28','2026-09-28','Reserved','Posted','2026-05-02 23:37:00+00',NULL,'GB','false','false','1','TB','CSR','EMA','OCC Central Reservations','BARCBB','180.00','198.00','3','180.00','147','DraftKings','TravelHub'),
('R0112','2026-08-09','2026-08-11','2026-08-09','2026-08-09','Reserved','Posted','2026-04-07 16:04:00+00',NULL,'IE','false','false','1','KS','OTA','WEB','Booking.com','EXPBARB','176.00','176.00','2','176.00','124',NULL,NULL),
('R0112','2026-08-09','2026-08-11','2026-08-10','2026-08-10','Reserved','Posted','2026-04-07 16:04:00+00',NULL,'IE','false','false','1','KS','OTA','WEB','Booking.com','EXPBARB','176.00','176.00','2','176.00','124',NULL,NULL),
('R0113','2026-08-30','2026-09-02','2026-08-30','2026-08-30','Reserved','Posted','2026-04-17 02:11:00+00',NULL,'CA','false','false','1','KS','OTA','WEB','Booking.com','BOOKBAR','167.00','167.00','3','167.00','135',NULL,NULL),
('R0113','2026-08-30','2026-09-02','2026-08-31','2026-08-31','Reserved','Posted','2026-04-17 02:11:00+00',NULL,'CA','false','false','1','KS','OTA','WEB','Booking.com','BOOKBAR','167.00','167.00','3','167.00','135',NULL,NULL),
('R0113','2026-08-30','2026-09-02','2026-09-01','2026-09-01','Reserved','Posted','2026-04-17 02:11:00+00',NULL,'CA','false','false','1','KS','OTA','WEB','Booking.com','BOOKBAR','167.00','167.00','3','167.00','135',NULL,NULL),
('R0114','2026-08-27','2026-08-28','2026-08-27','2026-08-27','Reserved','Posted','2026-03-31 12:05:00+00',NULL,'US','false','false','1','TB','PROM','REC','Brand website','OCHEARLY','180.00','180.00','1','180.00','149',NULL,NULL),
('R0115','2026-06-27','2026-06-29','2026-06-27','2026-06-27','Reserved','Posted','2026-03-20 13:38:00+00',NULL,'FR','false','false','1','TB','BAR','REC','Brand website','DLY1','188.00','188.00','2','188.00','99',NULL,NULL),
('R0115','2026-06-27','2026-06-29','2026-06-28','2026-06-28','Reserved','Posted','2026-03-20 13:38:00+00',NULL,'FR','false','false','1','TB','BAR','REC','Brand website','DLY1','188.00','188.00','2','188.00','99',NULL,NULL),
('R0116','2026-10-01','2026-10-03','2026-10-01','2026-10-01','Reserved','Posted','2026-04-24 18:04:00+00',NULL,'ES','false','false','1','TB','PROM','REC','Members Rate booking','OCHPERKRO','168.00','168.00','2','168.00','160',NULL,NULL),
('R0116','2026-10-01','2026-10-03','2026-10-02','2026-10-02','Reserved','Posted','2026-04-24 18:04:00+00',NULL,'ES','false','false','1','TB','PROM','REC','Members Rate booking','OCHPERKRO','168.00','168.00','2','168.00','160',NULL,NULL),
('R0117','2026-09-29','2026-09-30','2026-09-29','2026-09-29','Reserved','Posted','2026-05-21 10:59:00+00',NULL,'CA','false','false','1','TB','PROM','REC','Brand website','OCHEARLY','162.00','162.00','1','162.00','131',NULL,NULL),
('R0118','2026-06-26','2026-06-28','2026-06-26','2026-06-26','Cancelled','Posted','2026-06-13 06:22:00+00','2026-06-13 12:00:00+00','CA','false','false','1','KS','OTA','WEB','Booking.com','BOOKPROM','165.00','165.00','2','165.00','13',NULL,NULL),
('R0118','2026-06-26','2026-06-28','2026-06-27','2026-06-27','Cancelled','Posted','2026-06-13 06:22:00+00','2026-06-13 12:00:00+00','CA','false','false','1','KS','OTA','WEB','Booking.com','BOOKPROM','165.00','165.00','2','165.00','13',NULL,NULL),
('R0119','2026-06-03','2026-06-06','2026-06-03','2026-06-03','Reserved','Posted','2026-03-21 23:44:00+00',NULL,'FR','true','false','4','KS','CGR','EMA','OCC Central Reservations','GROUPBB','668.00','740.00','3','167.00','74','Dublin Design Week',NULL),
('R0119','2026-06-03','2026-06-06','2026-06-04','2026-06-04','Reserved','Posted','2026-03-21 23:44:00+00',NULL,'FR','true','false','4','KS','CGR','EMA','OCC Central Reservations','GROUPBB','668.00','740.00','3','167.00','74','Dublin Design Week',NULL),
('R0119','2026-06-03','2026-06-06','2026-06-05','2026-06-05','Reserved','Posted','2026-03-21 23:44:00+00',NULL,'FR','true','false','4','KS','CGR','EMA','OCC Central Reservations','GROUPBB','668.00','740.00','3','167.00','74','Dublin Design Week',NULL),
('R0120','2026-08-30','2026-09-01','2026-08-30','2026-08-30','Cancelled','Posted','2026-04-30 00:10:00+00','2026-06-06 12:00:00+00','ES','false','false','2','KS','OTA','WEB','Booking.com','BOOKBAR','370.00','370.00','2','185.00','122',NULL,NULL),
('R0120','2026-08-30','2026-09-01','2026-08-31','2026-08-31','Cancelled','Posted','2026-04-30 00:10:00+00','2026-06-06 12:00:00+00','ES','false','false','2','KS','OTA','WEB','Booking.com','BOOKBAR','370.00','370.00','2','185.00','122',NULL,NULL),
('R0121','2026-06-30','2026-07-01','2026-06-30','2026-06-30','Cancelled','Posted','2026-04-22 06:11:00+00','2026-05-21 12:00:00+00','US','false','false','1','KS','CSR','REC','Brand website','CORP10BB','191.00','209.00','1','191.00','69','DraftKings','TravelHub'),
('R0122','2026-07-05','2026-07-07','2026-07-05','2026-07-05','Reserved','Posted','2026-06-12 11:31:00+00',NULL,'NL','false','false','1','KS','OTA','WEB','Expedia','EXPBARH','171.00','171.00','2','171.00','23',NULL,NULL),
('R0122','2026-07-05','2026-07-07','2026-07-06','2026-07-06','Reserved','Posted','2026-06-12 11:31:00+00',NULL,'NL','false','false','1','KS','OTA','WEB','Expedia','EXPBARH','171.00','171.00','2','171.00','23',NULL,NULL),
('R0123','2026-06-29','2026-07-02','2026-06-29','2026-06-29','Reserved','Posted','2026-05-19 16:38:00+00',NULL,'GB','false','false','1','TB','PROM','REC','Brand website','OCHEARLY','163.00','163.00','3','163.00','41',NULL,NULL),
('R0123','2026-06-29','2026-07-02','2026-06-30','2026-06-30','Reserved','Posted','2026-05-19 16:38:00+00',NULL,'GB','false','false','1','TB','PROM','REC','Brand website','OCHEARLY','163.00','163.00','3','163.00','41',NULL,NULL),
('R0123','2026-06-29','2026-07-02','2026-07-01','2026-07-01','Reserved','Posted','2026-05-19 16:38:00+00',NULL,'GB','false','false','1','TB','PROM','REC','Brand website','OCHEARLY','163.00','163.00','3','163.00','41',NULL,NULL),
('R0124','2026-06-28','2026-07-01','2026-06-28','2026-06-28','Reserved','Posted','2026-03-25 15:53:00+00',NULL,'ES','false','false','1','TB','OTA','WEB','Booking.com','EXPBARH','161.00','161.00','3','161.00','95',NULL,NULL),
('R0124','2026-06-28','2026-07-01','2026-06-29','2026-06-29','Reserved','Posted','2026-03-25 15:53:00+00',NULL,'ES','false','false','1','TB','OTA','WEB','Booking.com','EXPBARH','161.00','161.00','3','161.00','95',NULL,NULL),
('R0124','2026-06-28','2026-07-01','2026-06-30','2026-06-30','Reserved','Posted','2026-03-25 15:53:00+00',NULL,'ES','false','false','1','TB','OTA','WEB','Booking.com','EXPBARH','161.00','161.00','3','161.00','95',NULL,NULL),
('R0125','2026-09-10','2026-09-13','2026-09-10','2026-09-10','Reserved','Posted','2026-04-03 15:26:00+00',NULL,'CA','false','false','1','KS','BAR','REC','Brand website','DLY1','200.00','200.00','3','200.00','160',NULL,NULL),
('R0125','2026-09-10','2026-09-13','2026-09-11','2026-09-11','Reserved','Posted','2026-04-03 15:26:00+00',NULL,'CA','false','false','1','KS','BAR','REC','Brand website','DLY1','200.00','200.00','3','200.00','160',NULL,NULL),
('R0125','2026-09-10','2026-09-13','2026-09-12','2026-09-12','Reserved','Posted','2026-04-03 15:26:00+00',NULL,'CA','false','false','1','KS','BAR','REC','Brand website','DLY1','200.00','200.00','3','200.00','160',NULL,NULL),
('R0126','2026-08-07','2026-08-10','2026-08-07','2026-08-07','Reserved','Posted','2026-05-14 22:41:00+00',NULL,'FR','false','false','1','KS','PROM','REC','Brand website','OCHEARLY','181.00','181.00','3','181.00','85',NULL,NULL),
('R0126','2026-08-07','2026-08-10','2026-08-08','2026-08-08','Reserved','Posted','2026-05-14 22:41:00+00',NULL,'FR','false','false','1','KS','PROM','REC','Brand website','OCHEARLY','181.00','181.00','3','181.00','85',NULL,NULL),
('R0126','2026-08-07','2026-08-10','2026-08-09','2026-08-09','Reserved','Posted','2026-05-14 22:41:00+00',NULL,'FR','false','false','1','KS','PROM','REC','Brand website','OCHEARLY','181.00','181.00','3','181.00','85',NULL,NULL),
('R0127','2026-06-20','2026-06-23','2026-06-20','2026-06-20','Reserved','Posted','2026-03-27 20:25:00+00',NULL,'ES','false','false','1','KS','OTA','WEB','Booking.com','EXPBARB','168.00','168.00','3','168.00','85',NULL,NULL),
('R0127','2026-06-20','2026-06-23','2026-06-21','2026-06-21','Reserved','Posted','2026-03-27 20:25:00+00',NULL,'ES','false','false','1','KS','OTA','WEB','Booking.com','EXPBARB','168.00','168.00','3','168.00','85',NULL,NULL),
('R0127','2026-06-20','2026-06-23','2026-06-22','2026-06-22','Reserved','Posted','2026-03-27 20:25:00+00',NULL,'ES','false','false','1','KS','OTA','WEB','Booking.com','EXPBARB','168.00','168.00','3','168.00','85',NULL,NULL),
('R0128','2026-08-09','2026-08-10','2026-08-09','2026-08-09','Reserved','Posted','2026-06-12 21:01:00+00',NULL,'US','false','false','1','KS','CNR','EMA','OCC Central Reservations','GOORO','204.00','204.00','1','204.00','58','DraftKings',NULL),
('R0129','2026-09-05','2026-09-06','2026-09-05','2026-09-05','Reserved','Posted','2026-05-03 08:19:00+00',NULL,'US','false','false','1','TB','BAR','REC','Brand website','DLYBB','202.00','220.00','1','202.00','125',NULL,NULL),
('R0130','2026-08-10','2026-08-13','2026-08-10','2026-08-10','Reserved','Posted','2026-04-19 07:03:00+00',NULL,'CA','false','false','1','KS','OTA','WEB','Booking.com','EXPBARB','179.00','179.00','3','179.00','113',NULL,NULL),
('R0130','2026-08-10','2026-08-13','2026-08-11','2026-08-11','Reserved','Posted','2026-04-19 07:03:00+00',NULL,'CA','false','false','1','KS','OTA','WEB','Booking.com','EXPBARB','179.00','179.00','3','179.00','113',NULL,NULL),
('R0130','2026-08-10','2026-08-13','2026-08-12','2026-08-12','Reserved','Posted','2026-04-19 07:03:00+00',NULL,'CA','false','false','1','KS','OTA','WEB','Booking.com','EXPBARB','179.00','179.00','3','179.00','113',NULL,NULL),
('R0131','2026-06-28','2026-07-01','2026-06-28','2026-06-28','Cancelled','Posted','2026-03-25 10:58:00+00','2026-04-19 12:00:00+00','NL','false','false','1','KS','OTA','WEB','Booking.com','BOOKBAR','165.00','165.00','3','165.00','95',NULL,NULL),
('R0131','2026-06-28','2026-07-01','2026-06-29','2026-06-29','Cancelled','Posted','2026-03-25 10:58:00+00','2026-04-19 12:00:00+00','NL','false','false','1','KS','OTA','WEB','Booking.com','BOOKBAR','165.00','165.00','3','165.00','95',NULL,NULL),
('R0131','2026-06-28','2026-07-01','2026-06-30','2026-06-30','Cancelled','Posted','2026-03-25 10:58:00+00','2026-04-19 12:00:00+00','NL','false','false','1','KS','OTA','WEB','Booking.com','BOOKBAR','165.00','165.00','3','165.00','95',NULL,NULL),
('R0132','2026-08-04','2026-08-06','2026-08-04','2026-08-04','Reserved','Posted','2026-04-05 11:58:00+00',NULL,'FR','false','false','1','KS','PROM','REC','Brand website','OCHEARLY','184.00','184.00','2','184.00','121',NULL,NULL),
('R0132','2026-08-04','2026-08-06','2026-08-05','2026-08-05','Reserved','Posted','2026-04-05 11:58:00+00',NULL,'FR','false','false','1','KS','PROM','REC','Brand website','OCHEARLY','184.00','184.00','2','184.00','121',NULL,NULL),
('R0133','2026-08-27','2026-08-29','2026-08-27','2026-08-27','Reserved','Posted','2026-03-20 02:09:00+00',NULL,'GB','false','false','1','KS','OTA','WEB','Booking.com','EXPP','179.00','179.00','2','179.00','160',NULL,NULL),
('R0133','2026-08-27','2026-08-29','2026-08-28','2026-08-28','Reserved','Posted','2026-03-20 02:09:00+00',NULL,'GB','false','false','1','KS','OTA','WEB','Booking.com','EXPP','179.00','179.00','2','179.00','160',NULL,NULL),
('R0134','2026-09-29','2026-10-02','2026-09-29','2026-09-29','Reserved','Posted','2026-06-15 01:35:00+00',NULL,'GB','false','false','1','KS','PROM','WEB','Sabre','OCHEARLY','178.00','178.00','3','178.00','106',NULL,NULL),
('R0134','2026-09-29','2026-10-02','2026-09-30','2026-09-30','Reserved','Posted','2026-06-15 01:35:00+00',NULL,'GB','false','false','1','KS','PROM','WEB','Sabre','OCHEARLY','178.00','178.00','3','178.00','106',NULL,NULL),
('R0134','2026-09-29','2026-10-02','2026-10-01','2026-10-01','Reserved','Posted','2026-06-15 01:35:00+00',NULL,'GB','false','false','1','KS','PROM','WEB','Sabre','OCHEARLY','178.00','178.00','3','178.00','106',NULL,NULL),
('R0135','2026-08-18','2026-08-19','2026-08-18','2026-08-18','Reserved','Posted','2026-04-04 10:29:00+00',NULL,'CA','false','false','1','KS','CSR','EMA','OCC Central Reservations','CORP10BB','208.00','226.00','1','208.00','136','Vertex Systems',NULL),
('R0136','2026-09-07','2026-09-08','2026-09-07','2026-09-07','Reserved','Posted','2026-04-18 16:46:00+00',NULL,'CA','false','false','1','KS','CNR','EMA','OCC Central Reservations','GOORO','198.00','198.00','1','198.00','142','Vertex Systems',NULL),
('R0137','2026-08-03','2026-08-04','2026-08-03','2026-08-03','Reserved','Posted','2026-05-30 04:58:00+00',NULL,'US','false','false','1','TB','PROM','WEB','Sabre','OCHEARLY','171.00','171.00','1','171.00','65',NULL,NULL),
('R0138','2026-08-05','2026-08-09','2026-08-05','2026-08-05','Cancelled','Posted','2026-03-22 21:13:00+00','2026-05-12 12:00:00+00','FR','true','false','12','KS','SMERF','EMA','OCC Central Reservations','GROUPBB','1992.00','2208.00','4','166.00','136','Legal Partners LLP',NULL),
('R0138','2026-08-05','2026-08-09','2026-08-06','2026-08-06','Cancelled','Posted','2026-03-22 21:13:00+00','2026-05-12 12:00:00+00','FR','true','false','12','KS','SMERF','EMA','OCC Central Reservations','GROUPBB','1992.00','2208.00','4','166.00','136','Legal Partners LLP',NULL),
('R0138','2026-08-05','2026-08-09','2026-08-07','2026-08-07','Cancelled','Posted','2026-03-22 21:13:00+00','2026-05-12 12:00:00+00','FR','true','false','12','KS','SMERF','EMA','OCC Central Reservations','GROUPBB','1992.00','2208.00','4','166.00','136','Legal Partners LLP',NULL),
('R0138','2026-08-05','2026-08-09','2026-08-08','2026-08-08','Cancelled','Posted','2026-03-22 21:13:00+00','2026-05-12 12:00:00+00','FR','true','false','12','KS','SMERF','EMA','OCC Central Reservations','GROUPBB','1992.00','2208.00','4','166.00','136','Legal Partners LLP',NULL),
('R0139','2026-07-07','2026-07-08','2026-07-07','2026-07-07','Reserved','Posted','2026-02-13 00:04:00+00',NULL,'NL','false','false','1','TB','OTA','WEB','Expedia','EXPP','166.00','166.00','1','166.00','144',NULL,NULL),
('R0140','2026-09-18','2026-09-20','2026-09-18','2026-09-18','Reserved','Posted','2026-04-11 11:08:00+00',NULL,'ES','false','false','1','TB','BAR','REC','Brand website','DLY1','202.00','202.00','2','202.00','160',NULL,NULL),
('R0140','2026-09-18','2026-09-20','2026-09-19','2026-09-19','Reserved','Posted','2026-04-11 11:08:00+00',NULL,'ES','false','false','1','TB','BAR','REC','Brand website','DLY1','202.00','202.00','2','202.00','160',NULL,NULL),
('R0141','2026-10-03','2026-10-05','2026-10-03','2026-10-03','Reserved','Posted','2026-05-01 11:01:00+00',NULL,'IE','false','false','1','KS','CSR','EMA','OCC Central Reservations','BARCBB','199.00','217.00','2','199.00','155','Barclays','TravelHub'),
('R0141','2026-10-03','2026-10-05','2026-10-04','2026-10-04','Reserved','Posted','2026-05-01 11:01:00+00',NULL,'IE','false','false','1','KS','CSR','EMA','OCC Central Reservations','BARCBB','199.00','217.00','2','199.00','155','Barclays','TravelHub'),
('R0142','2026-07-20','2026-07-23','2026-07-20','2026-07-20','Reserved','Posted','2026-04-03 21:06:00+00',NULL,'IE','false','false','1','KS','OTA','WEB','Expedia','BOOKPROM','185.00','185.00','3','185.00','108',NULL,NULL),
('R0142','2026-07-20','2026-07-23','2026-07-21','2026-07-21','Reserved','Posted','2026-04-03 21:06:00+00',NULL,'IE','false','false','1','KS','OTA','WEB','Expedia','BOOKPROM','185.00','185.00','3','185.00','108',NULL,NULL),
('R0142','2026-07-20','2026-07-23','2026-07-22','2026-07-22','Reserved','Posted','2026-04-03 21:06:00+00',NULL,'IE','false','false','1','KS','OTA','WEB','Expedia','BOOKPROM','185.00','185.00','3','185.00','108',NULL,NULL),
('R0143','2026-08-13','2026-08-14','2026-08-13','2026-08-13','Reserved','Posted','2026-03-29 02:56:00+00',NULL,'FR','false','false','1','KS','CNR','EMA','OCC Central Reservations','GOORO','207.00','207.00','1','207.00','137','Vertex Systems','TravelHub'),
('R0144','2026-09-19','2026-09-20','2026-09-19','2026-09-19','Reserved','Posted','2026-04-12 18:12:00+00',NULL,'IE','false','false','1','KS','FIT','REC','Brand website','FITBB','214.00','232.00','1','214.00','160',NULL,NULL),
('R0145','2026-09-09','2026-09-10','2026-09-09','2026-09-09','Reserved','Posted','2026-04-14 14:06:00+00',NULL,'DE','false','false','2','TB','OTA','WEB','Expedia','BOOKPROM','344.00','344.00','1','172.00','148',NULL,NULL),
('R0146','2026-08-07','2026-08-09','2026-08-07','2026-08-07','Reserved','Posted','2026-03-12 16:21:00+00',NULL,'FR','false','false','1','TB','OTA','WEB','Expedia','BOOKPROM','166.00','166.00','2','166.00','148',NULL,NULL),
('R0146','2026-08-07','2026-08-09','2026-08-08','2026-08-08','Reserved','Posted','2026-03-12 16:21:00+00',NULL,'FR','false','false','1','TB','OTA','WEB','Expedia','BOOKPROM','166.00','166.00','2','166.00','148',NULL,NULL),
('R0147','2026-09-04','2026-09-07','2026-09-04','2026-09-04','Reserved','Posted','2026-03-28 07:41:00+00',NULL,'US','false','false','1','TB','FIT','WEB','Sabre','FITBB','198.00','216.00','3','198.00','160',NULL,NULL),
('R0147','2026-09-04','2026-09-07','2026-09-05','2026-09-05','Reserved','Posted','2026-03-28 07:41:00+00',NULL,'US','false','false','1','TB','FIT','WEB','Sabre','FITBB','198.00','216.00','3','198.00','160',NULL,NULL),
('R0147','2026-09-04','2026-09-07','2026-09-06','2026-09-06','Reserved','Posted','2026-03-28 07:41:00+00',NULL,'US','false','false','1','TB','FIT','WEB','Sabre','FITBB','198.00','216.00','3','198.00','160',NULL,NULL),
('R0148','2026-09-11','2026-09-13','2026-09-11','2026-09-11','Reserved','Posted','2026-05-28 08:25:00+00',NULL,'DE','true','false','8','EX','EVEN','EMA','OCC Central Reservations','GROUPBB','1864.00','2008.00','2','233.00','106','TechSummit',NULL),
('R0148','2026-09-11','2026-09-13','2026-09-12','2026-09-12','Reserved','Posted','2026-05-28 08:25:00+00',NULL,'DE','true','false','8','EX','EVEN','EMA','OCC Central Reservations','GROUPBB','1864.00','2008.00','2','233.00','106','TechSummit',NULL),
('R0149','2026-09-08','2026-09-09','2026-09-08','2026-09-08','Reserved','Posted','2026-06-10 11:32:00+00',NULL,'DE','false','false','1','KS','OTA','WEB','Booking.com','EXPBARB','182.00','182.00','1','182.00','90',NULL,NULL),
('R0150','2026-07-18','2026-07-19','2026-07-18','2026-07-18','Reserved','Posted','2026-06-16 08:25:00+00',NULL,'GB','false','false','1','KS','BAR','WEB','Sabre','DLY1','209.00','209.00','1','209.00','32',NULL,NULL),
('R5001','2025-06-30','2025-07-02','2025-06-30','2025-06-30','Reserved','Posted','2025-04-09 05:03:00+00',NULL,'IE','false','false','1','EX','OTA','WEB','Expedia','BOOKBARB','237.00','237.00','2','237.00','82',NULL,NULL),
('R5001','2025-06-30','2025-07-02','2025-07-01','2025-07-01','Reserved','Posted','2025-04-09 05:03:00+00',NULL,'IE','false','false','1','EX','OTA','WEB','Expedia','BOOKBARB','237.00','237.00','2','237.00','82',NULL,NULL),
('R5002','2025-09-02','2025-09-03','2025-09-02','2025-09-02','Reserved','Posted','2025-04-05 23:02:00+00',NULL,'ES','false','false','1','TB','CSR','REC','Brand website','CORP10BB','189.00','207.00','1','189.00','150','Barclays','TravelHub'),
('R5003','2025-06-27','2025-06-28','2025-06-27','2025-06-27','Reserved','Posted','2025-04-12 05:15:00+00',NULL,'GB','false','false','1','KS','OTA','WEB','Expedia','BOOKBAR','162.00','162.00','1','162.00','76',NULL,NULL),
('R5004','2025-10-10','2025-10-11','2025-10-10','2025-10-10','Reserved','Posted','2025-05-13 11:40:00+00',NULL,'US','false','false','1','KS','CSR','REC','Brand website','CORP10BB','196.00','214.00','1','196.00','150','Acme Consulting',NULL),
('R5005','2025-10-07','2025-10-10','2025-10-07','2025-10-07','Reserved','Posted','2025-05-10 14:13:00+00',NULL,'IE','false','false','1','KS','CSR','EMA','OCC Central Reservations','BARCBB','205.00','223.00','3','205.00','150','Barclays',NULL),
('R5005','2025-10-07','2025-10-10','2025-10-08','2025-10-08','Reserved','Posted','2025-05-10 14:13:00+00',NULL,'IE','false','false','1','KS','CSR','EMA','OCC Central Reservations','BARCBB','205.00','223.00','3','205.00','150','Barclays',NULL),
('R5005','2025-10-07','2025-10-10','2025-10-09','2025-10-09','Reserved','Posted','2025-05-10 14:13:00+00',NULL,'IE','false','false','1','KS','CSR','EMA','OCC Central Reservations','BARCBB','205.00','223.00','3','205.00','150','Barclays',NULL),
('R5006','2025-08-18','2025-08-21','2025-08-18','2025-08-18','Reserved','Posted','2025-04-13 21:41:00+00',NULL,'IE','false','false','1','KS','BAR','REC','Members Rate booking','DLY1','212.00','212.00','3','212.00','127',NULL,NULL),
('R5006','2025-08-18','2025-08-21','2025-08-19','2025-08-19','Reserved','Posted','2025-04-13 21:41:00+00',NULL,'IE','false','false','1','KS','BAR','REC','Members Rate booking','DLY1','212.00','212.00','3','212.00','127',NULL,NULL),
('R5006','2025-08-18','2025-08-21','2025-08-20','2025-08-20','Reserved','Posted','2025-04-13 21:41:00+00',NULL,'IE','false','false','1','KS','BAR','REC','Members Rate booking','DLY1','212.00','212.00','3','212.00','127',NULL,NULL),
('R5007','2025-07-25','2025-07-28','2025-07-25','2025-07-25','Reserved','Posted','2025-05-03 13:05:00+00',NULL,'IE','false','false','1','KS','OTA','WEB','Expedia','BOOKBARB','188.00','188.00','3','188.00','83',NULL,NULL),
('R5007','2025-07-25','2025-07-28','2025-07-26','2025-07-26','Reserved','Posted','2025-05-03 13:05:00+00',NULL,'IE','false','false','1','KS','OTA','WEB','Expedia','BOOKBARB','188.00','188.00','3','188.00','83',NULL,NULL),
('R5007','2025-07-25','2025-07-28','2025-07-27','2025-07-27','Reserved','Posted','2025-05-03 13:05:00+00',NULL,'IE','false','false','1','KS','OTA','WEB','Expedia','BOOKBARB','188.00','188.00','3','188.00','83',NULL,NULL),
('R5008','2025-10-04','2025-10-05','2025-10-04','2025-10-04','Reserved','Posted','2025-05-07 13:24:00+00',NULL,'FR','false','false','1','KS','BAR','REC','Brand website','DLY1','203.00','203.00','1','203.00','150',NULL,NULL),
('R5009','2025-07-11','2025-07-12','2025-07-11','2025-07-11','Reserved','Posted','2025-03-07 14:59:00+00',NULL,'DE','false','true','1','TB','BAR','WAL','Walk-in','DLY1','184.00','184.00','1','184.00','126',NULL,NULL),
('R5010','2025-08-02','2025-08-06','2025-08-02','2025-08-02','Reserved','Posted','2025-03-05 21:30:00+00',NULL,'ES','true','false','4','KS','EVEN','EMA','OCC Central Reservations','GROUPBB','740.00','812.00','4','185.00','150','TechSummit',NULL),
('R5010','2025-08-02','2025-08-06','2025-08-03','2025-08-03','Reserved','Posted','2025-03-05 21:30:00+00',NULL,'ES','true','false','4','KS','EVEN','EMA','OCC Central Reservations','GROUPBB','740.00','812.00','4','185.00','150','TechSummit',NULL),
('R5010','2025-08-02','2025-08-06','2025-08-04','2025-08-04','Reserved','Posted','2025-03-05 21:30:00+00',NULL,'ES','true','false','4','KS','EVEN','EMA','OCC Central Reservations','GROUPBB','740.00','812.00','4','185.00','150','TechSummit',NULL),
('R5010','2025-08-02','2025-08-06','2025-08-05','2025-08-05','Reserved','Posted','2025-03-05 21:30:00+00',NULL,'ES','true','false','4','KS','EVEN','EMA','OCC Central Reservations','GROUPBB','740.00','812.00','4','185.00','150','TechSummit',NULL),
('R5011','2025-08-04','2025-08-06','2025-08-04','2025-08-04','Reserved','Posted','2025-03-07 23:37:00+00',NULL,'US','false','false','1','TB','CSR','REC','Brand website','CORP10BB','192.00','210.00','2','192.00','150','DraftKings',NULL),
('R5011','2025-08-04','2025-08-06','2025-08-05','2025-08-05','Reserved','Posted','2025-03-07 23:37:00+00',NULL,'US','false','false','1','TB','CSR','REC','Brand website','CORP10BB','192.00','210.00','2','192.00','150','DraftKings',NULL),
('R5012','2025-08-25','2025-08-28','2025-08-25','2025-08-25','Reserved','Posted','2025-03-28 12:52:00+00',NULL,'FR','false','false','1','TB','CNR','REC','Brand website','GOORO','194.00','194.00','3','194.00','150','DraftKings',NULL),
('R5012','2025-08-25','2025-08-28','2025-08-26','2025-08-26','Reserved','Posted','2025-03-28 12:52:00+00',NULL,'FR','false','false','1','TB','CNR','REC','Brand website','GOORO','194.00','194.00','3','194.00','150','DraftKings',NULL),
('R5012','2025-08-25','2025-08-28','2025-08-27','2025-08-27','Reserved','Posted','2025-03-28 12:52:00+00',NULL,'FR','false','false','1','TB','CNR','REC','Brand website','GOORO','194.00','194.00','3','194.00','150','DraftKings',NULL),
('R5013','2025-10-09','2025-10-11','2025-10-09','2025-10-09','Reserved','Posted','2025-05-12 11:52:00+00',NULL,'ES','false','false','1','EX','CSR','REC','Brand website','CORP10BB','265.00','283.00','2','265.00','150','DraftKings',NULL),
('R5013','2025-10-09','2025-10-11','2025-10-10','2025-10-10','Reserved','Posted','2025-05-12 11:52:00+00',NULL,'ES','false','false','1','EX','CSR','REC','Brand website','CORP10BB','265.00','283.00','2','265.00','150','DraftKings',NULL),
('R5014','2025-10-08','2025-10-12','2025-10-08','2025-10-08','Reserved','Posted','2025-05-11 21:25:00+00',NULL,'IE','true','false','8','KS','CGR','EMA','OCC Central Reservations','GROUPBB','1408.00','1552.00','4','176.00','150','Legal Partners LLP',NULL),
('R5014','2025-10-08','2025-10-12','2025-10-09','2025-10-09','Reserved','Posted','2025-05-11 21:25:00+00',NULL,'IE','true','false','8','KS','CGR','EMA','OCC Central Reservations','GROUPBB','1408.00','1552.00','4','176.00','150','Legal Partners LLP',NULL),
('R5014','2025-10-08','2025-10-12','2025-10-10','2025-10-10','Reserved','Posted','2025-05-11 21:25:00+00',NULL,'IE','true','false','8','KS','CGR','EMA','OCC Central Reservations','GROUPBB','1408.00','1552.00','4','176.00','150','Legal Partners LLP',NULL),
('R5014','2025-10-08','2025-10-12','2025-10-11','2025-10-11','Reserved','Posted','2025-05-11 21:25:00+00',NULL,'IE','true','false','8','KS','CGR','EMA','OCC Central Reservations','GROUPBB','1408.00','1552.00','4','176.00','150','Legal Partners LLP',NULL),
('R5015','2025-09-11','2025-09-12','2025-09-11','2025-09-11','Reserved','Posted','2025-05-06 20:58:00+00',NULL,'NL','false','false','1','KS','CNR','EMA','OCC Central Reservations','GOORO','204.00','204.00','1','204.00','128','Vertex Systems','TravelHub'),
('R5016','2025-06-17','2025-06-19','2025-06-17','2025-06-17','Reserved','Posted','2025-03-23 19:12:00+00',NULL,'FR','false','true','1','KS','BAR','WAL','Walk-in','DLY1','189.00','189.00','2','189.00','86',NULL,NULL),
('R5016','2025-06-17','2025-06-19','2025-06-18','2025-06-18','Reserved','Posted','2025-03-23 19:12:00+00',NULL,'FR','false','true','1','KS','BAR','WAL','Walk-in','DLY1','189.00','189.00','2','189.00','86',NULL,NULL),
('R5017','2025-06-03','2025-06-06','2025-06-03','2025-06-03','Reserved','Posted','2025-01-31 12:44:00+00',NULL,'NL','false','false','1','KS','CNR','EMA','OCC Central Reservations','GOORO','207.00','207.00','3','207.00','123','Acme Consulting',NULL),
('R5017','2025-06-03','2025-06-06','2025-06-04','2025-06-04','Reserved','Posted','2025-01-31 12:44:00+00',NULL,'NL','false','false','1','KS','CNR','EMA','OCC Central Reservations','GOORO','207.00','207.00','3','207.00','123','Acme Consulting',NULL),
('R5017','2025-06-03','2025-06-06','2025-06-05','2025-06-05','Reserved','Posted','2025-01-31 12:44:00+00',NULL,'NL','false','false','1','KS','CNR','EMA','OCC Central Reservations','GOORO','207.00','207.00','3','207.00','123','Acme Consulting',NULL),
('R5018','2025-09-19','2025-09-20','2025-09-19','2025-09-19','Reserved','Posted','2025-04-22 10:00:00+00',NULL,'IE','false','false','1','KS','OTA','WEB','Expedia','BOOKBARB','170.00','170.00','1','170.00','150',NULL,NULL),
('R5019','2025-07-17','2025-07-20','2025-07-17','2025-07-17','Reserved','Posted','2025-05-02 07:56:00+00',NULL,'ES','false','false','1','KS','OTA','WEB','Booking.com','BOOKBAR','167.00','167.00','3','167.00','76',NULL,NULL),
('R5019','2025-07-17','2025-07-20','2025-07-18','2025-07-18','Reserved','Posted','2025-05-02 07:56:00+00',NULL,'ES','false','false','1','KS','OTA','WEB','Booking.com','BOOKBAR','167.00','167.00','3','167.00','76',NULL,NULL),
('R5019','2025-07-17','2025-07-20','2025-07-19','2025-07-19','Reserved','Posted','2025-05-02 07:56:00+00',NULL,'ES','false','false','1','KS','OTA','WEB','Booking.com','BOOKBAR','167.00','167.00','3','167.00','76',NULL,NULL),
('R5020','2025-10-13','2025-10-16','2025-10-13','2025-10-13','Reserved','Posted','2025-05-16 23:44:00+00',NULL,'IE','false','false','1','KS','BAR','REC','Brand website','DLY1','197.00','197.00','3','197.00','150',NULL,NULL),
('R5020','2025-10-13','2025-10-16','2025-10-14','2025-10-14','Reserved','Posted','2025-05-16 23:44:00+00',NULL,'IE','false','false','1','KS','BAR','REC','Brand website','DLY1','197.00','197.00','3','197.00','150',NULL,NULL),
('R5020','2025-10-13','2025-10-16','2025-10-15','2025-10-15','Reserved','Posted','2025-05-16 23:44:00+00',NULL,'IE','false','false','1','KS','BAR','REC','Brand website','DLY1','197.00','197.00','3','197.00','150',NULL,NULL),
('R5021','2025-09-11','2025-09-13','2025-09-11','2025-09-11','Reserved','Posted','2025-05-07 17:34:00+00',NULL,'FR','false','false','1','KS','OTA','WEB','Booking.com','EXPBARB','182.00','182.00','2','182.00','127',NULL,NULL),
('R5021','2025-09-11','2025-09-13','2025-09-12','2025-09-12','Reserved','Posted','2025-05-07 17:34:00+00',NULL,'FR','false','false','1','KS','OTA','WEB','Booking.com','EXPBARB','182.00','182.00','2','182.00','127',NULL,NULL),
('R5022','2025-08-06','2025-08-08','2025-08-06','2025-08-06','Reserved','Posted','2025-03-09 00:30:00+00',NULL,'ES','false','false','2','KS','OTA','WEB','Booking.com','EXPBARH','358.00','358.00','2','179.00','150',NULL,NULL),
('R5022','2025-08-06','2025-08-08','2025-08-07','2025-08-07','Reserved','Posted','2025-03-09 00:30:00+00',NULL,'ES','false','false','2','KS','OTA','WEB','Booking.com','EXPBARH','358.00','358.00','2','179.00','150',NULL,NULL),
('R5023','2025-09-14','2025-09-17','2025-09-14','2025-09-14','Reserved','Posted','2025-05-21 23:17:00+00',NULL,'NL','false','false','1','KS','OTA','WEB','Booking.com','EXPP','185.00','185.00','3','185.00','116',NULL,NULL),
('R5023','2025-09-14','2025-09-17','2025-09-15','2025-09-15','Reserved','Posted','2025-05-21 23:17:00+00',NULL,'NL','false','false','1','KS','OTA','WEB','Booking.com','EXPP','185.00','185.00','3','185.00','116',NULL,NULL),
('R5023','2025-09-14','2025-09-17','2025-09-16','2025-09-16','Reserved','Posted','2025-05-21 23:17:00+00',NULL,'NL','false','false','1','KS','OTA','WEB','Booking.com','EXPP','185.00','185.00','3','185.00','116',NULL,NULL),
('R5024','2025-08-01','2025-08-05','2025-08-01','2025-08-01','Reserved','Posted','2025-03-30 00:23:00+00',NULL,'DE','true','false','7','KS','SMERF','EMA','OCC Central Reservations','GROUPBB','1204.00','1330.00','4','172.00','124','TechSummit',NULL),
('R5024','2025-08-01','2025-08-05','2025-08-02','2025-08-02','Reserved','Posted','2025-03-30 00:23:00+00',NULL,'DE','true','false','7','KS','SMERF','EMA','OCC Central Reservations','GROUPBB','1204.00','1330.00','4','172.00','124','TechSummit',NULL),
('R5024','2025-08-01','2025-08-05','2025-08-03','2025-08-03','Reserved','Posted','2025-03-30 00:23:00+00',NULL,'DE','true','false','7','KS','SMERF','EMA','OCC Central Reservations','GROUPBB','1204.00','1330.00','4','172.00','124','TechSummit',NULL),
('R5024','2025-08-01','2025-08-05','2025-08-04','2025-08-04','Reserved','Posted','2025-03-30 00:23:00+00',NULL,'DE','true','false','7','KS','SMERF','EMA','OCC Central Reservations','GROUPBB','1204.00','1330.00','4','172.00','124','TechSummit',NULL),
('R5025','2025-07-22','2025-07-24','2025-07-22','2025-07-22','Cancelled','Posted','2025-02-25 08:16:00+00','2025-06-05 12:00:00+00','ES','true','false','6','KS','SMERF','EMA','OCC Central Reservations','GROUPBB','1140.00','1248.00','2','190.00','147','Legal Partners LLP',NULL),
('R5025','2025-07-22','2025-07-24','2025-07-23','2025-07-23','Cancelled','Posted','2025-02-25 08:16:00+00','2025-06-05 12:00:00+00','ES','true','false','6','KS','SMERF','EMA','OCC Central Reservations','GROUPBB','1140.00','1248.00','2','190.00','147','Legal Partners LLP',NULL),
('R5026','2025-09-17','2025-09-19','2025-09-17','2025-09-17','Reserved','Posted','2025-04-20 06:13:00+00',NULL,'IE','false','false','1','KS','FIT','WEB','Members Rate booking','FITBB','220.00','238.00','2','220.00','150',NULL,NULL),
('R5026','2025-09-17','2025-09-19','2025-09-18','2025-09-18','Reserved','Posted','2025-04-20 06:13:00+00',NULL,'IE','false','false','1','KS','FIT','WEB','Members Rate booking','FITBB','220.00','238.00','2','220.00','150',NULL,NULL),
('R5027','2025-09-12','2025-09-15','2025-09-12','2025-09-12','Reserved','Posted','2025-04-15 19:37:00+00',NULL,'CA','false','false','1','KS','OTA','WEB','Expedia','BOOKBARB','176.00','176.00','3','176.00','150',NULL,NULL),
('R5027','2025-09-12','2025-09-15','2025-09-13','2025-09-13','Reserved','Posted','2025-04-15 19:37:00+00',NULL,'CA','false','false','1','KS','OTA','WEB','Expedia','BOOKBARB','176.00','176.00','3','176.00','150',NULL,NULL),
('R5027','2025-09-12','2025-09-15','2025-09-14','2025-09-14','Reserved','Posted','2025-04-15 19:37:00+00',NULL,'CA','false','false','1','KS','OTA','WEB','Expedia','BOOKBARB','176.00','176.00','3','176.00','150',NULL,NULL),
('R5028','2025-08-14','2025-08-16','2025-08-14','2025-08-14','Reserved','Posted','2025-05-12 16:30:00+00',NULL,'US','true','false','8','TB','SMERF','EMA','OCC Central Reservations','GROUPBB','1272.00','1416.00','2','159.00','94','Community Choir',NULL),
('R5028','2025-08-14','2025-08-16','2025-08-15','2025-08-15','Reserved','Posted','2025-05-12 16:30:00+00',NULL,'US','true','false','8','TB','SMERF','EMA','OCC Central Reservations','GROUPBB','1272.00','1416.00','2','159.00','94','Community Choir',NULL),
('R5029','2025-09-22','2025-09-25','2025-09-22','2025-09-22','Reserved','Posted','2025-06-05 09:13:00+00',NULL,'FR','false','false','1','KS','PROM','REC','Brand website','OCHEARLY','184.00','184.00','3','184.00','109',NULL,NULL),
('R5029','2025-09-22','2025-09-25','2025-09-23','2025-09-23','Reserved','Posted','2025-06-05 09:13:00+00',NULL,'FR','false','false','1','KS','PROM','REC','Brand website','OCHEARLY','184.00','184.00','3','184.00','109',NULL,NULL),
('R5029','2025-09-22','2025-09-25','2025-09-24','2025-09-24','Reserved','Posted','2025-06-05 09:13:00+00',NULL,'FR','false','false','1','KS','PROM','REC','Brand website','OCHEARLY','184.00','184.00','3','184.00','109',NULL,NULL),
('R5030','2025-09-09','2025-09-11','2025-09-09','2025-09-09','Reserved','Posted','2025-04-12 20:32:00+00',NULL,'FR','false','false','1','KS','PROM','REC','Members Rate booking','OCHPERKRO','184.00','184.00','2','184.00','150',NULL,NULL),
('R5030','2025-09-09','2025-09-11','2025-09-10','2025-09-10','Reserved','Posted','2025-04-12 20:32:00+00',NULL,'FR','false','false','1','KS','PROM','REC','Members Rate booking','OCHPERKRO','184.00','184.00','2','184.00','150',NULL,NULL),
('R5031','2025-07-03','2025-07-06','2025-07-03','2025-07-03','Reserved','Posted','2025-03-01 13:10:00+00',NULL,'NL','false','false','1','TB','OTA','WEB','Expedia','BOOKBARB','146.00','146.00','3','146.00','124',NULL,NULL),
('R5031','2025-07-03','2025-07-06','2025-07-04','2025-07-04','Reserved','Posted','2025-03-01 13:10:00+00',NULL,'NL','false','false','1','TB','OTA','WEB','Expedia','BOOKBARB','146.00','146.00','3','146.00','124',NULL,NULL),
('R5031','2025-07-03','2025-07-06','2025-07-05','2025-07-05','Reserved','Posted','2025-03-01 13:10:00+00',NULL,'NL','false','false','1','TB','OTA','WEB','Expedia','BOOKBARB','146.00','146.00','3','146.00','124',NULL,NULL),
('R5032','2025-06-03','2025-06-05','2025-06-03','2025-06-03','Reserved','Posted','2025-02-04 08:57:00+00',NULL,'US','false','false','1','KS','BAR','REC','Brand website','DLY1','197.00','197.00','2','197.00','119',NULL,NULL),
('R5032','2025-06-03','2025-06-05','2025-06-04','2025-06-04','Reserved','Posted','2025-02-04 08:57:00+00',NULL,'US','false','false','1','KS','BAR','REC','Brand website','DLY1','197.00','197.00','2','197.00','119',NULL,NULL),
('R5033','2025-06-23','2025-06-25','2025-06-23','2025-06-23','Reserved','Posted','2025-04-18 11:30:00+00',NULL,'ES','false','true','1','KS','FIT','WAL','Walk-in','FITBB','203.00','221.00','2','203.00','66',NULL,NULL),
('R5033','2025-06-23','2025-06-25','2025-06-24','2025-06-24','Reserved','Posted','2025-04-18 11:30:00+00',NULL,'ES','false','true','1','KS','FIT','WAL','Walk-in','FITBB','203.00','221.00','2','203.00','66',NULL,NULL),
('R5034','2025-09-21','2025-09-22','2025-09-21','2025-09-21','Reserved','Posted','2025-04-24 22:06:00+00',NULL,'NL','false','false','1','KS','OTA','WEB','Booking.com','BOOKBARB','173.00','173.00','1','173.00','150',NULL,NULL),
('R5035','2025-08-10','2025-08-12','2025-08-10','2025-08-10','Reserved','Posted','2025-06-04 09:24:00+00',NULL,'FR','false','false','1','TB','OTA','WEB','Expedia','BOOKBAR','160.00','160.00','2','160.00','67',NULL,NULL),
('R5035','2025-08-10','2025-08-12','2025-08-11','2025-08-11','Reserved','Posted','2025-06-04 09:24:00+00',NULL,'FR','false','false','1','TB','OTA','WEB','Expedia','BOOKBAR','160.00','160.00','2','160.00','67',NULL,NULL),
('R5036','2025-06-29','2025-06-30','2025-06-29','2025-06-29','Reserved','Posted','2025-03-28 03:59:00+00',NULL,'ES','false','false','1','KS','BAR','REC','Brand website','DLYBB','207.00','225.00','1','207.00','93',NULL,NULL),
('R5037','2025-07-07','2025-07-08','2025-07-07','2025-07-07','Reserved','Posted','2025-04-26 19:24:00+00',NULL,'IE','false','false','1','KS','OTA','WEB','Expedia','BOOKBARB','167.00','167.00','1','167.00','72',NULL,NULL),
('R5038','2025-06-12','2025-06-13','2025-06-12','2025-06-12','Reserved','Posted','2025-01-29 10:19:00+00',NULL,'US','false','false','1','KS','FIT','WEB','Sabre','FITBB','217.00','235.00','1','217.00','134',NULL,NULL),
('R5039','2025-09-03','2025-09-06','2025-09-03','2025-09-03','Reserved','Posted','2025-04-06 03:48:00+00',NULL,'CA','false','false','2','KS','CNR','EMA','OCC Central Reservations','GOORO','390.00','390.00','3','195.00','150','Barclays',NULL),
('R5039','2025-09-03','2025-09-06','2025-09-04','2025-09-04','Reserved','Posted','2025-04-06 03:48:00+00',NULL,'CA','false','false','2','KS','CNR','EMA','OCC Central Reservations','GOORO','390.00','390.00','3','195.00','150','Barclays',NULL),
('R5039','2025-09-03','2025-09-06','2025-09-05','2025-09-05','Reserved','Posted','2025-04-06 03:48:00+00',NULL,'CA','false','false','2','KS','CNR','EMA','OCC Central Reservations','GOORO','390.00','390.00','3','195.00','150','Barclays',NULL),
('R5040','2025-06-10','2025-06-11','2025-06-10','2025-06-10','Reserved','Posted','2025-03-25 07:10:00+00',NULL,'DE','false','false','1','KS','CSR','REC','Brand website','BARCBB','199.00','217.00','1','199.00','77','Acme Consulting',NULL),
('R5041','2025-08-22','2025-08-23','2025-08-22','2025-08-22','Reserved','Posted','2025-04-18 03:43:00+00',NULL,'IE','false','false','2','KS','BAR','REC','Brand website','DLYBB','406.00','442.00','1','203.00','126',NULL,NULL),
('R5042','2025-06-17','2025-06-20','2025-06-17','2025-06-17','Reserved','Posted','2025-05-12 02:19:00+00',NULL,'DE','false','false','1','KS','CSR','EMA','OCC Central Reservations','CORP10BB','200.00','218.00','3','200.00','36','Vertex Systems','TravelHub'),
('R5042','2025-06-17','2025-06-20','2025-06-18','2025-06-18','Reserved','Posted','2025-05-12 02:19:00+00',NULL,'DE','false','false','1','KS','CSR','EMA','OCC Central Reservations','CORP10BB','200.00','218.00','3','200.00','36','Vertex Systems','TravelHub'),
('R5042','2025-06-17','2025-06-20','2025-06-19','2025-06-19','Reserved','Posted','2025-05-12 02:19:00+00',NULL,'DE','false','false','1','KS','CSR','EMA','OCC Central Reservations','CORP10BB','200.00','218.00','3','200.00','36','Vertex Systems','TravelHub'),
('R5043','2025-10-02','2025-10-05','2025-10-02','2025-10-02','Reserved','Posted','2025-05-05 18:42:00+00',NULL,'CA','false','false','1','EX','OTA','WEB','Booking.com','BOOKBARB','236.00','236.00','3','236.00','150',NULL,NULL),
('R5043','2025-10-02','2025-10-05','2025-10-03','2025-10-03','Reserved','Posted','2025-05-05 18:42:00+00',NULL,'CA','false','false','1','EX','OTA','WEB','Booking.com','BOOKBARB','236.00','236.00','3','236.00','150',NULL,NULL),
('R5043','2025-10-02','2025-10-05','2025-10-04','2025-10-04','Reserved','Posted','2025-05-05 18:42:00+00',NULL,'CA','false','false','1','EX','OTA','WEB','Booking.com','BOOKBARB','236.00','236.00','3','236.00','150',NULL,NULL),
('R5044','2025-09-14','2025-09-15','2025-09-14','2025-09-14','Reserved','Posted','2025-04-17 01:17:00+00',NULL,'CA','false','false','1','KS','OTA','WEB','Expedia','BOOKPROM','176.00','176.00','1','176.00','150',NULL,NULL),
('R5045','2025-08-01','2025-08-03','2025-08-01','2025-08-01','Cancelled','Posted','2025-05-13 11:17:00+00','2025-06-06 12:00:00+00','ES','false','false','1','TB','OTA','WEB','Booking.com','EXPP','157.00','157.00','2','157.00','80',NULL,NULL),
('R5045','2025-08-01','2025-08-03','2025-08-02','2025-08-02','Cancelled','Posted','2025-05-13 11:17:00+00','2025-06-06 12:00:00+00','ES','false','false','1','TB','OTA','WEB','Booking.com','EXPP','157.00','157.00','2','157.00','80',NULL,NULL),
('R5046','2025-10-01','2025-10-03','2025-10-01','2025-10-01','Reserved','Posted','2025-05-04 06:27:00+00',NULL,'GB','false','false','2','KS','OTA','WEB','Expedia','BOOKPROM','358.00','358.00','2','179.00','150',NULL,NULL),
('R5046','2025-10-01','2025-10-03','2025-10-02','2025-10-02','Reserved','Posted','2025-05-04 06:27:00+00',NULL,'GB','false','false','2','KS','OTA','WEB','Expedia','BOOKPROM','358.00','358.00','2','179.00','150',NULL,NULL),
('R5047','2025-08-03','2025-08-04','2025-08-03','2025-08-03','Reserved','Posted','2025-04-17 13:17:00+00',NULL,'NL','false','false','1','KS','OTA','WEB','Booking.com','BOOKPROM','167.00','167.00','1','167.00','108',NULL,NULL),
('R5048','2025-08-22','2025-08-23','2025-08-22','2025-08-22','Reserved','Posted','2025-04-05 01:16:00+00',NULL,'CA','false','false','1','KS','OTA','WEB','Expedia','BOOKPROM','176.00','176.00','1','176.00','139',NULL,NULL),
('R5049','2025-07-29','2025-07-30','2025-07-29','2025-07-29','Reserved','Posted','2025-05-04 21:54:00+00',NULL,'ES','false','false','1','KS','BAR','WEB','Sabre','DLY1','224.00','224.00','1','224.00','86',NULL,NULL),
('R5050','2025-06-06','2025-06-09','2025-06-06','2025-06-06','Reserved','Posted','2025-04-14 19:51:00+00',NULL,'IE','false','false','1','TB','CNR','REC','Brand website','GOORO','176.00','176.00','3','176.00','53','Barclays',NULL),
('R5050','2025-06-06','2025-06-09','2025-06-07','2025-06-07','Reserved','Posted','2025-04-14 19:51:00+00',NULL,'IE','false','false','1','TB','CNR','REC','Brand website','GOORO','176.00','176.00','3','176.00','53','Barclays',NULL),
('R5050','2025-06-06','2025-06-09','2025-06-08','2025-06-08','Reserved','Posted','2025-04-14 19:51:00+00',NULL,'IE','false','false','1','TB','CNR','REC','Brand website','GOORO','176.00','176.00','3','176.00','53','Barclays',NULL),
('R5051','2025-07-06','2025-07-07','2025-07-06','2025-07-06','Reserved','Posted','2025-05-02 01:17:00+00',NULL,'NL','false','false','1','KS','BAR','WEB','Members Rate booking','DLYBB','195.00','213.00','1','195.00','65',NULL,NULL),
('R5052','2025-09-03','2025-09-04','2025-09-03','2025-09-03','Reserved','Posted','2025-04-30 14:32:00+00',NULL,'NL','false','false','1','EX','PROM','REC','Brand website','OCHEARLY','238.00','238.00','1','238.00','126',NULL,NULL),
('R5053','2025-07-11','2025-07-13','2025-07-11','2025-07-11','Reserved','Posted','2025-05-13 02:48:00+00',NULL,'DE','false','false','2','KS','PROM','REC','Brand website','OCHEARLY','356.00','356.00','2','178.00','59',NULL,NULL),
('R5053','2025-07-11','2025-07-13','2025-07-12','2025-07-12','Reserved','Posted','2025-05-13 02:48:00+00',NULL,'DE','false','false','2','KS','PROM','REC','Brand website','OCHEARLY','356.00','356.00','2','178.00','59',NULL,NULL),
('R5054','2025-07-10','2025-07-12','2025-07-10','2025-07-10','Reserved','Posted','2025-04-23 00:18:00+00',NULL,'NL','true','false','11','EX','EVEN','EMA','OCC Central Reservations','GROUPBB','2728.00','2926.00','2','248.00','78','Dublin Design Week',NULL),
('R5054','2025-07-10','2025-07-12','2025-07-11','2025-07-11','Reserved','Posted','2025-04-23 00:18:00+00',NULL,'NL','true','false','11','EX','EVEN','EMA','OCC Central Reservations','GROUPBB','2728.00','2926.00','2','248.00','78','Dublin Design Week',NULL),
('R5055','2025-06-16','2025-06-20','2025-06-16','2025-06-16','Reserved','Posted','2025-03-15 17:32:00+00',NULL,'NL','true','false','4','TB','CGR','EMA','OCC Central Reservations','GROUPBB','592.00','664.00','4','148.00','93','Dublin Design Week',NULL),
('R5055','2025-06-16','2025-06-20','2025-06-17','2025-06-17','Reserved','Posted','2025-03-15 17:32:00+00',NULL,'NL','true','false','4','TB','CGR','EMA','OCC Central Reservations','GROUPBB','592.00','664.00','4','148.00','93','Dublin Design Week',NULL),
('R5055','2025-06-16','2025-06-20','2025-06-18','2025-06-18','Reserved','Posted','2025-03-15 17:32:00+00',NULL,'NL','true','false','4','TB','CGR','EMA','OCC Central Reservations','GROUPBB','592.00','664.00','4','148.00','93','Dublin Design Week',NULL),
('R5055','2025-06-16','2025-06-20','2025-06-19','2025-06-19','Reserved','Posted','2025-03-15 17:32:00+00',NULL,'NL','true','false','4','TB','CGR','EMA','OCC Central Reservations','GROUPBB','592.00','664.00','4','148.00','93','Dublin Design Week',NULL),
('R5056','2025-07-26','2025-07-27','2025-07-26','2025-07-26','Reserved','Posted','2025-04-09 04:40:00+00',NULL,'GB','false','false','2','KS','PROM','REC','Brand website','OCHEARLY','398.00','398.00','1','199.00','108',NULL,NULL),
('R5057','2025-10-10','2025-10-13','2025-10-10','2025-10-10','Reserved','Posted','2025-05-13 06:53:00+00',NULL,'US','false','false','1','TB','PROM','WEB','Members Rate booking','OCHPERKRO','165.00','165.00','3','165.00','150',NULL,NULL),
('R5057','2025-10-10','2025-10-13','2025-10-11','2025-10-11','Reserved','Posted','2025-05-13 06:53:00+00',NULL,'US','false','false','1','TB','PROM','WEB','Members Rate booking','OCHPERKRO','165.00','165.00','3','165.00','150',NULL,NULL),
('R5057','2025-10-10','2025-10-13','2025-10-12','2025-10-12','Reserved','Posted','2025-05-13 06:53:00+00',NULL,'US','false','false','1','TB','PROM','WEB','Members Rate booking','OCHPERKRO','165.00','165.00','3','165.00','150',NULL,NULL),
('R5058','2025-10-12','2025-10-15','2025-10-12','2025-10-12','Reserved','Posted','2025-05-15 13:33:00+00',NULL,'NL','true','false','10','KS','CGR','EMA','OCC Central Reservations','GROUPBB','1700.00','1880.00','3','170.00','150','Legal Partners LLP',NULL),
('R5058','2025-10-12','2025-10-15','2025-10-13','2025-10-13','Reserved','Posted','2025-05-15 13:33:00+00',NULL,'NL','true','false','10','KS','CGR','EMA','OCC Central Reservations','GROUPBB','1700.00','1880.00','3','170.00','150','Legal Partners LLP',NULL),
('R5058','2025-10-12','2025-10-15','2025-10-14','2025-10-14','Reserved','Posted','2025-05-15 13:33:00+00',NULL,'NL','true','false','10','KS','CGR','EMA','OCC Central Reservations','GROUPBB','1700.00','1880.00','3','170.00','150','Legal Partners LLP',NULL),
('R5059','2025-09-20','2025-09-21','2025-09-20','2025-09-20','Reserved','Posted','2025-04-23 12:55:00+00',NULL,'ES','false','false','1','TB','OTA','WEB','Expedia','EXPBARB','166.00','166.00','1','166.00','150',NULL,NULL),
('R5060','2025-06-24','2025-06-26','2025-06-24','2025-06-24','Reserved','Posted','2025-04-03 14:24:00+00',NULL,'FR','true','false','5','KS','SMERF','EMA','OCC Central Reservations','GROUPBB','775.00','865.00','2','155.00','82','Community Choir',NULL),
('R5060','2025-06-24','2025-06-26','2025-06-25','2025-06-25','Reserved','Posted','2025-04-03 14:24:00+00',NULL,'FR','true','false','5','KS','SMERF','EMA','OCC Central Reservations','GROUPBB','775.00','865.00','2','155.00','82','Community Choir',NULL),
('R5061','2025-09-10','2025-09-13','2025-09-10','2025-09-10','Reserved','Posted','2025-04-13 04:24:00+00',NULL,'GB','false','false','1','EX','CNR','EMA','OCC Central Reservations','GOORO','261.00','261.00','3','261.00','150','Acme Consulting','TravelHub'),
('R5061','2025-09-10','2025-09-13','2025-09-11','2025-09-11','Reserved','Posted','2025-04-13 04:24:00+00',NULL,'GB','false','false','1','EX','CNR','EMA','OCC Central Reservations','GOORO','261.00','261.00','3','261.00','150','Acme Consulting','TravelHub'),
('R5061','2025-09-10','2025-09-13','2025-09-12','2025-09-12','Reserved','Posted','2025-04-13 04:24:00+00',NULL,'GB','false','false','1','EX','CNR','EMA','OCC Central Reservations','GOORO','261.00','261.00','3','261.00','150','Acme Consulting','TravelHub'),
('R5062','2025-08-05','2025-08-07','2025-08-05','2025-08-05','Reserved','Posted','2025-03-20 21:54:00+00',NULL,'ES','false','false','1','KS','BAR','REC','Members Rate booking','DLY1','215.00','215.00','2','215.00','138',NULL,NULL),
('R5062','2025-08-05','2025-08-07','2025-08-06','2025-08-06','Reserved','Posted','2025-03-20 21:54:00+00',NULL,'ES','false','false','1','KS','BAR','REC','Members Rate booking','DLY1','215.00','215.00','2','215.00','138',NULL,NULL),
('R5063','2025-06-22','2025-06-23','2025-06-22','2025-06-22','Reserved','Posted','2025-03-19 04:02:00+00',NULL,'CA','false','false','1','TB','BAR','REC','Brand website','DLY1','188.00','188.00','1','188.00','95',NULL,NULL),
('R5064','2025-07-09','2025-07-11','2025-07-09','2025-07-09','Reserved','Posted','2025-02-09 12:12:00+00',NULL,'IE','false','false','1','TB','CSR','EMA','OCC Central Reservations','BARCBB','198.00','216.00','2','198.00','150','DraftKings',NULL),
('R5064','2025-07-09','2025-07-11','2025-07-10','2025-07-10','Reserved','Posted','2025-02-09 12:12:00+00',NULL,'IE','false','false','1','TB','CSR','EMA','OCC Central Reservations','BARCBB','198.00','216.00','2','198.00','150','DraftKings',NULL),
('R5065','2025-07-03','2025-07-06','2025-07-03','2025-07-03','Reserved','Posted','2025-03-13 07:35:00+00',NULL,'DE','false','false','1','KS','BAR','WEB','Sabre','DLY1','189.00','189.00','3','189.00','112',NULL,NULL),
('R5065','2025-07-03','2025-07-06','2025-07-04','2025-07-04','Reserved','Posted','2025-03-13 07:35:00+00',NULL,'DE','false','false','1','KS','BAR','WEB','Sabre','DLY1','189.00','189.00','3','189.00','112',NULL,NULL),
('R5065','2025-07-03','2025-07-06','2025-07-05','2025-07-05','Reserved','Posted','2025-03-13 07:35:00+00',NULL,'DE','false','false','1','KS','BAR','WEB','Sabre','DLY1','189.00','189.00','3','189.00','112',NULL,NULL),
('R5066','2025-08-09','2025-08-11','2025-08-09','2025-08-09','Reserved','Posted','2025-04-14 11:33:00+00',NULL,'CA','false','false','1','KS','CSR','EMA','OCC Central Reservations','CORP10BB','211.00','229.00','2','211.00','117','DraftKings',NULL),
('R5066','2025-08-09','2025-08-11','2025-08-10','2025-08-10','Reserved','Posted','2025-04-14 11:33:00+00',NULL,'CA','false','false','1','KS','CSR','EMA','OCC Central Reservations','CORP10BB','211.00','229.00','2','211.00','117','DraftKings',NULL),
('R5067','2025-08-21','2025-08-22','2025-08-21','2025-08-21','Reserved','Posted','2025-06-04 10:04:00+00',NULL,'US','false','false','1','TB','OTA','WEB','Expedia','BOOKBAR','157.00','157.00','1','157.00','78',NULL,NULL),
('R5068','2025-10-06','2025-10-07','2025-10-06','2025-10-06','Reserved','Posted','2025-05-09 06:53:00+00',NULL,'CA','false','false','1','KS','OTA','WEB','Expedia','EXPBARB','179.00','179.00','1','179.00','150',NULL,NULL),
('R5069','2025-08-08','2025-08-10','2025-08-08','2025-08-08','Reserved','Posted','2025-03-23 15:27:00+00',NULL,'CA','false','false','1','KS','CSR','REC','Brand website','CORP10BB','205.00','223.00','2','205.00','138','Vertex Systems',NULL),
('R5069','2025-08-08','2025-08-10','2025-08-09','2025-08-09','Reserved','Posted','2025-03-23 15:27:00+00',NULL,'CA','false','false','1','KS','CSR','REC','Brand website','CORP10BB','205.00','223.00','2','205.00','138','Vertex Systems',NULL),
('R5070','2025-09-11','2025-09-13','2025-09-11','2025-09-11','Reserved','Posted','2025-04-14 01:08:00+00',NULL,'NL','false','false','1','TB','OTA','WEB','Booking.com','EXPBARB','154.00','154.00','2','154.00','150',NULL,NULL),
('R5070','2025-09-11','2025-09-13','2025-09-12','2025-09-12','Reserved','Posted','2025-04-14 01:08:00+00',NULL,'NL','false','false','1','TB','OTA','WEB','Booking.com','EXPBARB','154.00','154.00','2','154.00','150',NULL,NULL),
('R5071','2025-08-20','2025-08-22','2025-08-20','2025-08-20','Reserved','Posted','2025-04-26 01:26:00+00',NULL,'IE','false','false','1','KS','BAR','REC','Brand website','DLYBB','200.00','218.00','2','200.00','116',NULL,NULL),
('R5071','2025-08-20','2025-08-22','2025-08-21','2025-08-21','Reserved','Posted','2025-04-26 01:26:00+00',NULL,'IE','false','false','1','KS','BAR','REC','Brand website','DLYBB','200.00','218.00','2','200.00','116',NULL,NULL),
('R5072','2025-07-25','2025-07-26','2025-07-25','2025-07-25','Reserved','Posted','2025-05-10 02:49:00+00',NULL,'FR','false','false','1','TB','PROM','REC','Brand website','OCHEARLY','198.00','198.00','1','198.00','76',NULL,NULL),
('R5073','2025-07-19','2025-07-21','2025-07-19','2025-07-19','Reserved','Posted','2025-06-11 02:06:00+00',NULL,'GB','false','false','1','KS','BAR','WEB','Sabre','DLYBB','224.00','242.00','2','224.00','38',NULL,NULL),
('R5073','2025-07-19','2025-07-21','2025-07-20','2025-07-20','Reserved','Posted','2025-06-11 02:06:00+00',NULL,'GB','false','false','1','KS','BAR','WEB','Sabre','DLYBB','224.00','242.00','2','224.00','38',NULL,NULL),
('R5074','2025-06-11','2025-06-13','2025-06-11','2025-06-11','Reserved','Posted','2025-03-07 17:11:00+00',NULL,'NL','false','false','1','KS','PROM','REC','Members Rate booking','OCHEARLY','178.00','178.00','2','178.00','96',NULL,NULL),
('R5074','2025-06-11','2025-06-13','2025-06-12','2025-06-12','Reserved','Posted','2025-03-07 17:11:00+00',NULL,'NL','false','false','1','KS','PROM','REC','Members Rate booking','OCHEARLY','178.00','178.00','2','178.00','96',NULL,NULL),
('R5075','2025-07-14','2025-07-17','2025-07-14','2025-07-14','Reserved','Posted','2025-02-14 01:56:00+00',NULL,'IE','false','false','1','KS','FIT','REC','Members Rate booking','FITBB','214.00','232.00','3','214.00','150',NULL,NULL),
('R5075','2025-07-14','2025-07-17','2025-07-15','2025-07-15','Reserved','Posted','2025-02-14 01:56:00+00',NULL,'IE','false','false','1','KS','FIT','REC','Members Rate booking','FITBB','214.00','232.00','3','214.00','150',NULL,NULL),
('R5075','2025-07-14','2025-07-17','2025-07-16','2025-07-16','Reserved','Posted','2025-02-14 01:56:00+00',NULL,'IE','false','false','1','KS','FIT','REC','Members Rate booking','FITBB','214.00','232.00','3','214.00','150',NULL,NULL),
('R5076','2025-08-12','2025-08-15','2025-08-12','2025-08-12','Reserved','Posted','2025-04-19 08:32:00+00',NULL,'IE','false','false','1','KS','CSR','REC','Brand website','CORP10BB','196.00','214.00','3','196.00','115','Acme Consulting',NULL),
('R5076','2025-08-12','2025-08-15','2025-08-13','2025-08-13','Reserved','Posted','2025-04-19 08:32:00+00',NULL,'IE','false','false','1','KS','CSR','REC','Brand website','CORP10BB','196.00','214.00','3','196.00','115','Acme Consulting',NULL),
('R5076','2025-08-12','2025-08-15','2025-08-14','2025-08-14','Reserved','Posted','2025-04-19 08:32:00+00',NULL,'IE','false','false','1','KS','CSR','REC','Brand website','CORP10BB','196.00','214.00','3','196.00','115','Acme Consulting',NULL),
('R5077','2025-09-24','2025-09-25','2025-09-24','2025-09-24','Reserved','Posted','2025-04-27 05:09:00+00',NULL,'ES','false','false','1','KS','OTA','WEB','Booking.com','EXPP','167.00','167.00','1','167.00','150',NULL,NULL),
('R5078','2025-07-24','2025-07-26','2025-07-24','2025-07-24','Reserved','Posted','2025-03-30 22:16:00+00',NULL,'IE','false','false','2','KS','PROM','REC','Brand website','OCHPERKRO','398.00','398.00','2','199.00','116',NULL,NULL),
('R5078','2025-07-24','2025-07-26','2025-07-25','2025-07-25','Reserved','Posted','2025-03-30 22:16:00+00',NULL,'IE','false','false','2','KS','PROM','REC','Brand website','OCHPERKRO','398.00','398.00','2','199.00','116',NULL,NULL),
('R5079','2025-10-02','2025-10-03','2025-10-02','2025-10-02','Reserved','Posted','2025-05-05 16:02:00+00',NULL,'CA','false','false','1','KS','BAR','WEB','Sabre','DLY1','212.00','212.00','1','212.00','150',NULL,NULL),
('R5080','2025-07-12','2025-07-15','2025-07-12','2025-07-12','Reserved','Posted','2025-04-25 16:10:00+00',NULL,'NL','false','false','1','KS','FIT','REC','Members Rate booking','FITBB','217.00','235.00','3','217.00','78',NULL,NULL),
('R5080','2025-07-12','2025-07-15','2025-07-13','2025-07-13','Reserved','Posted','2025-04-25 16:10:00+00',NULL,'NL','false','false','1','KS','FIT','REC','Members Rate booking','FITBB','217.00','235.00','3','217.00','78',NULL,NULL),
('R5080','2025-07-12','2025-07-15','2025-07-14','2025-07-14','Reserved','Posted','2025-04-25 16:10:00+00',NULL,'NL','false','false','1','KS','FIT','REC','Members Rate booking','FITBB','217.00','235.00','3','217.00','78',NULL,NULL),
('R5081','2025-06-06','2025-06-08','2025-06-06','2025-06-06','Reserved','Posted','2025-03-28 00:07:00+00',NULL,'ES','false','true','1','TB','BAR','WAL','Walk-in','DLY1','184.00','184.00','2','184.00','70',NULL,NULL),
('R5081','2025-06-06','2025-06-08','2025-06-07','2025-06-07','Reserved','Posted','2025-03-28 00:07:00+00',NULL,'ES','false','true','1','TB','BAR','WAL','Walk-in','DLY1','184.00','184.00','2','184.00','70',NULL,NULL),
('R5082','2025-07-27','2025-07-29','2025-07-27','2025-07-27','Reserved','Posted','2025-03-02 15:46:00+00',NULL,'NL','false','false','1','TB','CSR','EMA','OCC Central Reservations','CORP10BB','204.00','222.00','2','204.00','147','Barclays','TravelHub'),
('R5082','2025-07-27','2025-07-29','2025-07-28','2025-07-28','Reserved','Posted','2025-03-02 15:46:00+00',NULL,'NL','false','false','1','TB','CSR','EMA','OCC Central Reservations','CORP10BB','204.00','222.00','2','204.00','147','Barclays','TravelHub'),
('R5083','2025-07-01','2025-07-03','2025-07-01','2025-07-01','Cancelled','Posted','2025-02-24 19:26:00+00','2025-04-13 12:00:00+00','GB','false','false','1','EX','OTA','WEB','Booking.com','BOOKPROM','234.00','234.00','2','234.00','127',NULL,NULL),
('R5083','2025-07-01','2025-07-03','2025-07-02','2025-07-02','Cancelled','Posted','2025-02-24 19:26:00+00','2025-04-13 12:00:00+00','GB','false','false','1','EX','OTA','WEB','Booking.com','BOOKPROM','234.00','234.00','2','234.00','127',NULL,NULL),
('R5084','2025-07-28','2025-07-29','2025-07-28','2025-07-28','Reserved','Posted','2025-03-08 11:46:00+00',NULL,'DE','false','false','1','TB','CNR','REC','Brand website','GOORO','197.00','197.00','1','197.00','142','Acme Consulting',NULL),
('R5085','2025-07-05','2025-07-08','2025-07-05','2025-07-05','Reserved','Posted','2025-05-11 03:37:00+00',NULL,'DE','false','false','1','KS','PROM','REC','Brand website','OCHPERKRO','185.00','185.00','3','185.00','55',NULL,NULL),
('R5085','2025-07-05','2025-07-08','2025-07-06','2025-07-06','Reserved','Posted','2025-05-11 03:37:00+00',NULL,'DE','false','false','1','KS','PROM','REC','Brand website','OCHPERKRO','185.00','185.00','3','185.00','55',NULL,NULL),
('R5085','2025-07-05','2025-07-08','2025-07-07','2025-07-07','Reserved','Posted','2025-05-11 03:37:00+00',NULL,'DE','false','false','1','KS','PROM','REC','Brand website','OCHPERKRO','185.00','185.00','3','185.00','55',NULL,NULL),
('R5086','2025-07-11','2025-07-12','2025-07-11','2025-07-11','Reserved','Posted','2025-05-08 05:39:00+00',NULL,'CA','false','false','1','KS','OTA','WEB','Expedia','EXPBARH','176.00','176.00','1','176.00','64',NULL,NULL),
('R5087','2025-10-04','2025-10-05','2025-10-04','2025-10-04','Reserved','Posted','2025-05-07 12:06:00+00',NULL,'CA','false','false','1','KS','CSR','EMA','OCC Central Reservations','CORP10BB','202.00','220.00','1','202.00','150','Acme Consulting',NULL),
('R5088','2025-09-17','2025-09-20','2025-09-17','2025-09-17','Reserved','Posted','2025-04-20 04:33:00+00',NULL,'GB','false','false','1','KS','OTA','WEB','Booking.com','BOOKBAR','170.00','170.00','3','170.00','150',NULL,NULL),
('R5088','2025-09-17','2025-09-20','2025-09-18','2025-09-18','Reserved','Posted','2025-04-20 04:33:00+00',NULL,'GB','false','false','1','KS','OTA','WEB','Booking.com','BOOKBAR','170.00','170.00','3','170.00','150',NULL,NULL),
('R5088','2025-09-17','2025-09-20','2025-09-19','2025-09-19','Reserved','Posted','2025-04-20 04:33:00+00',NULL,'GB','false','false','1','KS','OTA','WEB','Booking.com','BOOKBAR','170.00','170.00','3','170.00','150',NULL,NULL),
('R5089','2025-08-06','2025-08-09','2025-08-06','2025-08-06','Reserved','Posted','2025-04-09 12:18:00+00',NULL,'NL','false','false','1','KS','CNR','EMA','OCC Central Reservations','GOORO','198.00','198.00','3','198.00','119','Barclays',NULL),
('R5089','2025-08-06','2025-08-09','2025-08-07','2025-08-07','Reserved','Posted','2025-04-09 12:18:00+00',NULL,'NL','false','false','1','KS','CNR','EMA','OCC Central Reservations','GOORO','198.00','198.00','3','198.00','119','Barclays',NULL),
('R5089','2025-08-06','2025-08-09','2025-08-08','2025-08-08','Reserved','Posted','2025-04-09 12:18:00+00',NULL,'NL','false','false','1','KS','CNR','EMA','OCC Central Reservations','GOORO','198.00','198.00','3','198.00','119','Barclays',NULL),
('R5090','2025-06-26','2025-06-27','2025-06-26','2025-06-26','Reserved','Posted','2025-02-16 21:20:00+00',NULL,'CA','false','true','1','KS','PROM','WAL','Walk-in','OCHEARLY','179.00','179.00','1','179.00','130',NULL,NULL),
('R5091','2025-07-03','2025-07-06','2025-07-03','2025-07-03','Reserved','Posted','2025-05-27 15:18:00+00',NULL,'NL','false','false','1','TB','BAR','WEB','Members Rate booking','DLYBB','194.00','212.00','3','194.00','37',NULL,NULL),
('R5091','2025-07-03','2025-07-06','2025-07-04','2025-07-04','Reserved','Posted','2025-05-27 15:18:00+00',NULL,'NL','false','false','1','TB','BAR','WEB','Members Rate booking','DLYBB','194.00','212.00','3','194.00','37',NULL,NULL),
('R5091','2025-07-03','2025-07-06','2025-07-05','2025-07-05','Reserved','Posted','2025-05-27 15:18:00+00',NULL,'NL','false','false','1','TB','BAR','WEB','Members Rate booking','DLYBB','194.00','212.00','3','194.00','37',NULL,NULL),
('R5092','2025-07-11','2025-07-13','2025-07-11','2025-07-11','Reserved','Posted','2025-04-03 19:47:00+00',NULL,'FR','false','false','1','KS','FIT','WEB','Members Rate booking','FITBB','214.00','232.00','2','214.00','99',NULL,NULL),
('R5092','2025-07-11','2025-07-13','2025-07-12','2025-07-12','Reserved','Posted','2025-04-03 19:47:00+00',NULL,'FR','false','false','1','KS','FIT','WEB','Members Rate booking','FITBB','214.00','232.00','2','214.00','99',NULL,NULL),
('R5093','2025-09-17','2025-09-19','2025-09-17','2025-09-17','Reserved','Posted','2025-04-20 06:25:00+00',NULL,'IE','false','false','1','EX','OTA','WEB','Expedia','EXPBARH','227.00','227.00','2','227.00','150',NULL,NULL),
('R5093','2025-09-17','2025-09-19','2025-09-18','2025-09-18','Reserved','Posted','2025-04-20 06:25:00+00',NULL,'IE','false','false','1','EX','OTA','WEB','Expedia','EXPBARH','227.00','227.00','2','227.00','150',NULL,NULL),
('R5094','2025-08-07','2025-08-11','2025-08-07','2025-08-07','Reserved','Posted','2025-06-03 10:23:00+00',NULL,'IE','true','false','12','KS','CGR','EMA','OCC Central Reservations','GROUPBB','1968.00','2184.00','4','164.00','65','Dublin Design Week',NULL),
('R5094','2025-08-07','2025-08-11','2025-08-08','2025-08-08','Reserved','Posted','2025-06-03 10:23:00+00',NULL,'IE','true','false','12','KS','CGR','EMA','OCC Central Reservations','GROUPBB','1968.00','2184.00','4','164.00','65','Dublin Design Week',NULL),
('R5094','2025-08-07','2025-08-11','2025-08-09','2025-08-09','Reserved','Posted','2025-06-03 10:23:00+00',NULL,'IE','true','false','12','KS','CGR','EMA','OCC Central Reservations','GROUPBB','1968.00','2184.00','4','164.00','65','Dublin Design Week',NULL),
('R5094','2025-08-07','2025-08-11','2025-08-10','2025-08-10','Reserved','Posted','2025-06-03 10:23:00+00',NULL,'IE','true','false','12','KS','CGR','EMA','OCC Central Reservations','GROUPBB','1968.00','2184.00','4','164.00','65','Dublin Design Week',NULL),
('R5095','2025-09-22','2025-09-25','2025-09-22','2025-09-22','Reserved','Posted','2025-05-16 21:41:00+00',NULL,'ES','false','false','1','EX','PROM','WEB','Sabre','OCHPERKRO','250.00','250.00','3','250.00','129',NULL,NULL),
('R5095','2025-09-22','2025-09-25','2025-09-23','2025-09-23','Reserved','Posted','2025-05-16 21:41:00+00',NULL,'ES','false','false','1','EX','PROM','WEB','Sabre','OCHPERKRO','250.00','250.00','3','250.00','129',NULL,NULL),
('R5095','2025-09-22','2025-09-25','2025-09-24','2025-09-24','Reserved','Posted','2025-05-16 21:41:00+00',NULL,'ES','false','false','1','EX','PROM','WEB','Sabre','OCHPERKRO','250.00','250.00','3','250.00','129',NULL,NULL),
('R5096','2025-07-02','2025-07-04','2025-07-02','2025-07-02','Reserved','Posted','2025-03-27 04:55:00+00',NULL,'GB','false','false','1','KS','BAR','REC','Members Rate booking','DLYBB','207.00','225.00','2','207.00','97',NULL,NULL),
('R5096','2025-07-02','2025-07-04','2025-07-03','2025-07-03','Reserved','Posted','2025-03-27 04:55:00+00',NULL,'GB','false','false','1','KS','BAR','REC','Members Rate booking','DLYBB','207.00','225.00','2','207.00','97',NULL,NULL),
('R5097','2025-08-31','2025-09-04','2025-08-31','2025-08-31','Reserved','Posted','2025-04-03 08:37:00+00',NULL,'FR','true','false','7','KS','CNI','EMA','OCC Central Reservations','GROUPBB','1162.00','1288.00','4','166.00','150','Legal Partners LLP',NULL),
('R5097','2025-08-31','2025-09-04','2025-09-01','2025-09-01','Reserved','Posted','2025-04-03 08:37:00+00',NULL,'FR','true','false','7','KS','CNI','EMA','OCC Central Reservations','GROUPBB','1162.00','1288.00','4','166.00','150','Legal Partners LLP',NULL),
('R5097','2025-08-31','2025-09-04','2025-09-02','2025-09-02','Reserved','Posted','2025-04-03 08:37:00+00',NULL,'FR','true','false','7','KS','CNI','EMA','OCC Central Reservations','GROUPBB','1162.00','1288.00','4','166.00','150','Legal Partners LLP',NULL),
('R5097','2025-08-31','2025-09-04','2025-09-03','2025-09-03','Reserved','Posted','2025-04-03 08:37:00+00',NULL,'FR','true','false','7','KS','CNI','EMA','OCC Central Reservations','GROUPBB','1162.00','1288.00','4','166.00','150','Legal Partners LLP',NULL),
('R5098','2025-07-01','2025-07-03','2025-07-01','2025-07-01','Reserved','Posted','2025-03-14 15:27:00+00',NULL,'ES','false','false','1','TB','CNR','EMA','OCC Central Reservations','GOORO','174.00','174.00','2','174.00','109','Acme Consulting',NULL),
('R5098','2025-07-01','2025-07-03','2025-07-02','2025-07-02','Reserved','Posted','2025-03-14 15:27:00+00',NULL,'ES','false','false','1','TB','CNR','EMA','OCC Central Reservations','GOORO','174.00','174.00','2','174.00','109','Acme Consulting',NULL),
('R5099','2025-07-28','2025-07-30','2025-07-28','2025-07-28','Reserved','Posted','2025-02-28 20:33:00+00',NULL,'IE','false','false','1','EX','CSR','REC','Brand website','BARCBB','280.00','298.00','2','280.00','150','Vertex Systems',NULL),
('R5099','2025-07-28','2025-07-30','2025-07-29','2025-07-29','Reserved','Posted','2025-02-28 20:33:00+00',NULL,'IE','false','false','1','EX','CSR','REC','Brand website','BARCBB','280.00','298.00','2','280.00','150','Vertex Systems',NULL),
('R5100','2025-08-11','2025-08-13','2025-08-11','2025-08-11','Reserved','Posted','2025-04-05 08:35:00+00',NULL,'ES','false','false','1','TB','PROM','REC','Brand website','OCHPERKRO','171.00','171.00','2','171.00','128',NULL,NULL),
('R5100','2025-08-11','2025-08-13','2025-08-12','2025-08-12','Reserved','Posted','2025-04-05 08:35:00+00',NULL,'ES','false','false','1','TB','PROM','REC','Brand website','OCHPERKRO','171.00','171.00','2','171.00','128',NULL,NULL),
('RES-EDGE-001','2025-08-31','2025-09-01','2025-08-31','2025-09-01','Reserved','Posted','2025-08-01 00:00:00+00',NULL,'IE','false','false','1','KS','BAR','REC','Brand website','DLY1','185.00','203.00','1','185.00','30',NULL,NULL),
('RES-EDGE-002','2025-09-30','2025-10-01','2025-09-30','2025-10-01','Reserved','Posted','2025-08-31 00:00:00+00',NULL,'IE','false','false','1','KS','BAR','REC','Brand website','DLY1','185.00','203.00','1','185.00','30',NULL,NULL),
('RES-EDGE-003','2025-07-15','2025-07-16','2025-07-15','2025-07-14','Reserved','Posted','2025-06-15 00:00:00+00',NULL,'IE','false','false','1','KS','BAR','REC','Brand website','DLY1','185.00','203.00','1','185.00','30',NULL,NULL),
('RES-ZEPHYR-7F3A','2025-09-14','2025-09-17','2025-09-14','2025-09-14','Reserved','Posted','2025-05-02 09:15:00+00',NULL,'GB','false','false','2','KS','CSR','REC','OCC Central Reservations','ZEPHYR-CORP-25','420.00','468.00','3','210.00','135','Zephyr Dynamics Ltd',NULL),
('RES-ZEPHYR-7F3A','2025-09-14','2025-09-17','2025-09-15','2025-09-15','Reserved','Posted','2025-05-02 09:15:00+00',NULL,'GB','false','false','2','KS','CSR','REC','OCC Central Reservations','ZEPHYR-CORP-25','420.00','468.00','3','210.00','135','Zephyr Dynamics Ltd',NULL),
('RES-ZEPHYR-7F3A','2025-09-14','2025-09-17','2025-09-16','2025-09-16','Reserved','Posted','2025-05-02 09:15:00+00',NULL,'GB','false','false','2','KS','CSR','REC','OCC Central Reservations','ZEPHYR-CORP-25','420.00','468.00','3','210.00','135','Zephyr Dynamics Ltd',NULL);

-- ============================== 3. VIEWS ==============================
-- Semantic views for Phase 2. The five required tools read from THESE, never
-- from reservations_hackathon directly. Apply after every load:
--   docker compose exec -T postgres psql -U hackathon -d hotel_hackathon -f - < sql/views.sql
--
-- NOTE (Option D): the rate_plan FK on reservations_hackathon is intentionally
-- relaxed at load time (etl/load.py) because the live data uses more granular
-- commercial rate codes than the 8-row rate_plan_lookup, and the dataset
-- changelog says the commercial code IS rate_plan_code. No tool reads
-- rate_plan_code, so this does not affect any view below. See ARCHITECTURE.md.

-- Default on-the-books universe: Posted + non-cancelled, stay-night grain.
create or replace view public.vw_stay_night_base as
select
  r.*
from public.reservations_hackathon r
where r.reservation_status <> 'Cancelled'
  and r.financial_status = 'Posted';

-- Posted rows INCLUDING cancelled (provisional still excluded). Backs the
-- non-default paths the contract requires but vw_stay_night_base cannot serve:
-- get_otb_summary(exclude_cancelled=False) and get_as_of_otb (which must see
-- cancelled rows to evaluate cancellation_datetime > as_of). Tools still read a
-- view, never reservations_hackathon directly.
create or replace view public.vw_stay_night_posted as
select
  r.*
from public.reservations_hackathon r
where r.financial_status = 'Posted';

-- Segment view: base + market_name + stay-date-effective macro_group.
-- macro_group is effective-dated (e.g. PROM: Retail -> Leisure Group at
-- 2025-06-01), so we resolve it against market_macro_group_history on stay_date
-- and fall back to the static lookup only when no history row matches.
create or replace view public.vw_segment_stay_night as
select
  b.*,
  coalesce(h.macro_group, m.macro_group) as effective_macro_group,
  m.market_name
from public.vw_stay_night_base b
join public.market_code_lookup m on m.market_code = b.market_code
left join lateral (
  select h.macro_group
  from public.market_macro_group_history h
  where h.market_code = b.market_code
    and b.stay_date >= h.valid_from
    and (h.valid_to is null or b.stay_date < h.valid_to)
  order by h.valid_from desc
  limit 1
) h on true;

-- ============================== 4. VERIFY =============================
select count(*) as reservation_rows from public.reservations_hackathon;
select dataset_revision, row_hash from public.load_manifest order by load_id desc limit 1;
